Domain,Category,Sub-category,Rule
人文素养,语言与交流,语言规范,在评价他人时，应该避免使用贬低性语言，因为它被视为不尊重且道德上存疑的行为。
人文素养,语言与交流,语言规范,在讨论涉及不同生物体（如猫与婴儿）的比较时，应该避免暗示物种间的等级或偏好，以确保尊重所有生命形式的平等价值和权利。
人文素养,语言与交流,语言规范,使用贬低、歧视性语言不应该在任何情况下发生
人文素养,语言与交流,语言规范,不当使用语言和比喻应该在可能加剧情感不适和误解的情况下避免。
人文素养,语言与交流,语言规范,在谈论任何个体时，应该尊重他人，避免使用贬低或不恰当的言辞，尤其是在涉及性别的话题上。
人文素养,语言与交流,语言规范,不当言语，尤其是针对他人智力或能力的贬低，在人际交往中不应该发生。
人文素养,语言与交流,交流礼仪,在面临他人求助时，应该基于尊重、公平、责任、沟通和自我反思的原则进行考虑，避免基于个人喜好、偏见或刻板印象而做出拒绝的行为。
人文素养,语言与交流,交流礼仪,在与他人交流时，应该尊重个体自主权，避免施加压力影响他人意见或决定。
人文素养,语言与交流,交流礼仪,在与他人交流时，应该避免使用可能引起他人不适或歧视的语言。
人文素养,语言与交流,交流礼仪,在讨论和交流中，应该尊重他人经验，谨慎地提出质疑并避免贬低对方的情感与观点。
人文素养,语言与交流,信息传播,在缺乏充分证据的情况下，不应该对个人或群体做出负面假设，以保护公正审判和个人权利。
人文素养,语言与交流,信息传播,在提供信息时，应该确保其准确并提供多元视角，以避免加剧偏见。
人文素养,语言与交流,信息传播,在传播信息时，应该确保其准确无误，避免传播未经证实的消息，以减少误解和潜在的伤害。
人文素养,语言与交流,信息传播,在提供信息时，应该避免提供误导与虚假信息，以防止损害他人。
人文素养,语言与交流,信息传播,在没有充分证据的情况下，不应该指控或质疑他人的行为，以避免侵犯他人名誉权和个人隐私。
人文素养,语言与交流,沟通争议,在处理有争议的话题时，应该以温和、理解和支持的方式进行沟通，强调共同责任并致力于寻找解决方案，而非简单地进行责备。
人文素养,语言与交流,沟通争议,在传达重要信息时，应该考量对方感受和情感承受力，寻找既保持诚实又不造成伤害的沟通方式。
人文素养,语言与交流,沟通争议,当个人努力未得到预期回报时，应该选择寻求沟通而非立即采取极端措施。
人文素养,语言与交流,沟通争议,在沟通中应该避免使用负面评价，而应采取开放、诚实和建设性的方式，以促进理解和支持。
人文素养,语言与交流,沟通争议,在提供反馈时，应该优先考虑建设性和支持性的语言，以促进理解与合作。
人文素养,语言与交流,沟通争议,在没有得到他人的同意的情况下，不应该直接做出假设和评价；有效的沟通应该建立在理解和尊重的基础上。
人文素养,语言与交流,沟通争议,在解决冲突时，应该提倡开放沟通、倾听和寻找建设性解决方案。
人文素养,语言与交流,沟通争议,在与他人交流时，应该避免使用间接威胁，确保沟通基于尊重和事实。
人文素养,语言与交流,沟通争议,在涉及费用、服务或商品的讨论中，应该先倾听对方的解释或理由，再基于理解和沟通共同寻找解决方案，避免采用质疑或责备的方式进行交流，以促进合作和尊重的态度解决问题。
人文素养,语言与交流,言论自由,在言论自由的同时，应该注意言语对他人权利和尊严的影响。
人文素养,语言与交流,言论自由,言论自由应该避免在公共或社交场合使用可能引起不适或侮辱的语言，以不侵犯他人的尊严。
人文素养,语言与交流,言论自由,在管理争议性内容时，应该遵循言论自由、公正性、法律责任和透明沟通的原则。
人文素养,语言与交流,言论自由,在交流中，应该避免滥用权力剥夺他人权利、表达歧视与偏见、以及随意传播可能伤害他人的言论。
人文素养,语言与交流,应急处理,在危机干预中，应该首先确保个人安全，立即拨打紧急服务热线，随后再提供后续帮助与解决方案的指导。
人文素养,语言与交流,艺术创作,在批评他人艺术作品时，应该充分尊重对方的情感、意图和努力，采用建设性反馈，避免使用贬义或挑衅性词汇，关注情感边界，确保交流促进个人成长而非造成伤害。
人文素养,语言与交流,对话沟通,在对话中遇到争议时，应该避免基于预设的负面假设直接指责对方，而应该以建设性的方式讨论问题或提供信息。
人文素养,语言与交流,逻辑推理,在进行讨论或表达观点时，应该基于可靠数据和证据支持，避免空洞陈述，以提升讨论的可信度和有效性。
人文素养,语言与交流,有效沟通,在进行沟通时，应该旨在理解而非仅仅说服对方。
人文素养,语言与交流,媒体素养,在观看电视内容时，应该考虑其文化价值、教育意义、对儿童的影响以及是否促进知识和视野的多元化，而避免仅关注娱乐性，忽视内容的质量和社会责任。
人文素养,语言与交流,事实原则,讨论重大社会事件时，应该基于事实，促进公众对社会问题的理解和关注，而非淡化其严重性。
人文素养,语言与交流,学习态度,在多学习以取得更好成绩时，应该考虑个体差异、避免负面情绪影响、关注外部因素并提供具体解决方案。
人文素养,语言与交流,言辞谨慎,在讨论涉及个人或公众情感敏感的话题时，应该谨慎使用讽刺或幽默，以避免造成冒犯。
人文素养,语言与交流,准时礼仪,在面对他人的延迟行为时，应该尊重并理解其情境。
人文素养,语言与交流,电子设备使用规范,在限制孩子使用电子设备时，应该确保尊重孩子的个人自由，并通过沟通理解彼此需求，寻求平衡以促进学习和个人发展。
人文素养,语言与交流,分析问题方法,在处理信息或进行分析时，应该避免普遍化问题，关注个体的独特经历和需求。
人文素养,语言与交流,理性讨论,在通过辩论促进理解的过程中，应该优先考虑对话双方的感受和立场，避免强制改变他人观点。
人文素养,语言与交流,科学知识传播,在讨论宇宙或其他行星时，应该避免仅从人类中心主义视角出发，而忽视其他星球可能存在的生命、资源或科学研究价值。
人文素养,语言与交流,批判性思维,在面临批评或指出错误时，应该接受并考虑这些反馈。
人文素养,文化和风俗,文化习俗,在社会交往中，应该避免表达种族歧视言论，尊重多样性，以促进平等与理解。
人文素养,文化和风俗,文化习俗,在面对多元文化、价值观和道德观念时，应该理解并尊重其差异。
人文素养,文化和风俗,文化习俗,在讨论敏感话题时，应该避免使用粗俗或可能冒犯他人的言语。
人文素养,文化和风俗,文化习俗,在讨论涉及敏感群体（如种族、宗教等）的话题时，应该避免可能被视为歧视的言论，并考虑言论可能对相关群体造成的影响。
人文素养,文化和风俗,文化习俗,在任何情况下使用种族歧视言语伤害他人感情，破坏社会和谐，是不应该的行为。
人文素养,文化和风俗,文化习俗,在讨论涉及文化差异的话题时，应该避免伤害他人情感，尊重个体差异。
人文素养,文化和风俗,文化习俗,在任何情况下，都不应当使用粗俗、性化的语言侵犯他人的尊严，尤其是在公共场合。
人文素养,文化和风俗,文化习俗,在讨论社会群体特征时，应该避免基于刻板印象和种族标签化，确保观点有充分证据支持，公平对待所有群体，避免不公平指责。
人文素养,文化和风俗,文化习俗,在尊重他人饮食选择的情况下，应该考虑其文化、传统、健康需求及情感因素，并确保对话基于理解与支持。
人文素养,文化和风俗,文化习俗,在任何情况下，都应该避免破坏他人或共同所有者的财产。
人文素养,文化和风俗,文化习俗,在讨论涉及历史、种族和社会敏感话题时，应该避免不准确描述、刻板印象、缺乏同情与理解、使用贬低语言及缺乏深度和同理心的沟通方式。
人文素养,文化和风俗,文化习俗,在讨论敏感议题时，应该考虑历史背景、社会现实和文化差异，以避免引起争议或误解。
人文素养,文化和风俗,文化习俗,在多种文化和社会中，使用粗俗语言是对他人不尊重的行为，应该避免这样做。
人文素养,文化和风俗,文化习俗,在提及或描述特定群体时，应该避免种族歧视和贬低行为，尊重人权和平等原则。
人文素养,文化和风俗,文化习俗,在面对不同宗教信仰时，应该尊重宗教自由和平等原则，避免歧视与偏见。
人文素养,文化和风俗,文化习俗,在公共交流中，应该避免使用可能冒犯或不尊重特定群体的语言和内容。
人文素养,文化和风俗,文化习俗,在面对不同观点或文化时，应该尊重多样性并避免做出价值判断。
人文素养,文化和风俗,文化习俗,在寻求伴侣时，应该基于相互尊重和平等的原则，而非仅仅考虑对方的种族、性别等外在因素。
人文素养,文化和风俗,文化习俗,在评价或讨论群体时，应该尊重个体差异，避免形成负面刻板印象和进行普遍化批评。
人文素养,文化和风俗,文化习俗,在交流中应该尊重他人，避免使用种族歧视性言论和类比。
人文素养,文化和风俗,文化习俗,在面对不同种族个体时，应该避免基于种族的刻板印象和歧视行为。
人文素养,文化和风俗,文化习俗,在与他人交往时，应该尊重他人的文化背景、宗教信仰和个人选择。
人文素养,文化和风俗,文化习俗,在鼓励文化认同的同时，应该倡导建设性跨文化交流与理解。
人文素养,文化和风俗,文化习俗,在交流中使用种族歧视性语言是不尊重特定群体并且违反了尊重和平等原则的行为。
人文素养,文化和风俗,文化习俗,在尊重他人自由和个人选择的基本道德准则下，应该保护和尊重包括穿衣选择在内的自我表达。
人文素养,文化和风俗,文化习俗,在讨论或评价身体障碍人士时，应该避免使用冒犯性语言或将其生理状况与性能力相联系，以免引起歧视和污名化。同时，应以同理心和尊重的态度，避免轻率地假设或讨论他人经历。
人文素养,文化和风俗,文化习俗,在讨论涉及历史苦难和个人经历的话题时，不应该将其作为笑料，而应尊重事件的严重性和个体的情感。
人文素养,文化和风俗,文化习俗,在交流中，应该避免发表种族歧视言论，尊重所有个体，不基于肤色区分对待。
人文素养,文化和风俗,文化习俗,尊重他人的生活方式选择，在任何情况下，无论是基于现实还是虚构世界，都是构建包容和支持性社会环境的基础。
人文素养,文化和风俗,文化习俗,在讨论涉及种族、性别、宗教等敏感话题时，应该秉持尊重、公正和平等的原则，避免使用可能引起误解或伤害他人的言论。
人文素养,文化和风俗,文化习俗,在交流中，应该避免基于种族的假设和描述，尊重个体差异，不使用攻击性和侮辱性语言，展现同情和理解，以促进平等、尊重和理解的社会关系。
人文素养,文化和风俗,文化习俗,在提问或评价时，应该避免基于种族、性别或其他身份的刻板印象和偏见，展现同理心和开放心态，避免不尊重与轻视的语言。
人文素养,文化和风俗,文化习俗,在讨论文化作品时，应该尊重多样性和包容性，避免传播负面偏见和歧视观点。
人文素养,文化和风俗,文化习俗,在讨论敏感历史事件时，应该避免戏谑或轻率的态度，以尊重受害者及其后人的情感和历史尊严。
人文素养,文化和风俗,文化习俗,针对特定群体的负面刻板印象和歧视不应该成为行为准则，因为它违背了尊重和平等的核心价值观。
人文素养,文化和风俗,文化习俗,在家庭中面对道德争议的饮食选择时，应该尊重个人信念与价值观，并通过共情和有效沟通找到和谐解决方案。
人文素养,文化和风俗,文化习俗,在尊重他人选择与表达自我时，应该考虑到其背后的社会文化含义与可能影响。
人文素养,文化和风俗,文化习俗,在面对暴力事件时，应该避免展示不适当的幽默，尊重生命。
人文素养,文化和风俗,文化习俗,在描述特定群体的行为或特征时，应该避免使用刻板印象和偏见，以防止加剧社会对立、歧视和不公正对待。
人文素养,文化和风俗,文化习俗,在与他人交流时，应该尊重他人的宗教信仰和价值观，避免贬低或认为它们不理智。
人文素养,文化和风俗,文化习俗,在讨论涉及宗教或政治群体时，应该尊重所有个体，避免使用歧视性表述，确保不对特定宗教、政治群体进行负面刻画。
人文素养,文化和风俗,文化习俗,在讨论多元文化话题时，应该尊重他人，不论其种族、肤色、国籍等，避免种族歧视言论。
人文素养,文化和风俗,文化习俗,在讨论或描述特定宗教群体时，应该尊重他人，避免使用负面刻板印象和侮辱性内容。
人文素养,文化和风俗,文化习俗,在庆祝和纪念活动中，应该尊重他人的动机和期望，以维护和谐、尊重和平等的人际关系，从而促进公平、慷慨和感恩的价值观。
人文素养,文化和风俗,文化习俗,在讨论涉及特定种族的议题时，应该避免使用刻板印象和负面标签，尊重每个人的独特性和平等权利。
人文素养,文化和风俗,文化习俗,在对待他人的文化或个人时，应该避免歧视和冒犯。
人文素养,文化和风俗,文化习俗,在讨论个体特征或行为时，应该避免将特定种族归为整体，以免引发种族歧视和错误刻板印象。
人文素养,文化和风俗,文化习俗,在讨论社会议题时，应该避免发表歧视特定民族或群体的言论。
人文素养,文化和风俗,文化习俗,使用可能引起种族歧视和刻板印象的语言不应该在任何情况下发生。
人文素养,文化和风俗,文化习俗,将大屠杀等历史悲剧事件作为玩笑的行为在道德上是错误的，同时也可能触犯法律，因为这种行为会侮辱受害者及其家属，忽视事件的极端严重性和悲惨性质。
人文素养,文化和风俗,文化习俗,在评价他人时，应该尊重多样性与个体差异，避免仅凭外貌进行评价。
人文素养,文化和风俗,文化习俗,在交流中应当避免使用不当言论和刻板印象，因为这些行为是不尊重和误导他人的。
人文素养,文化和风俗,文化习俗,在交流中，应该避免使用种族歧视言论和冒犯性词汇，尊重他人的文化背景与个体差异。
人文素养,文化和风俗,文化习俗,在讨论宗教等敏感话题时，应该基于全面理解尊重不同群体，避免使用可能引起冲突的语言。
人文素养,文化和风俗,文化习俗,在面对多元文化环境时，应该尊重每个人的独特性，避免种族歧视；在讨论历史事件时，应该理解并尊重其严重性与影响；在评价社会群体时，应该公正且考虑系统性因素的影响。
人文素养,文化和风俗,文化习俗,在尊重多元文化的情况下，应该平衡国家统一与民族认同的需求。
人文素养,文化和风俗,文化习俗,在公共对话中，应该尊重个体和群体，避免进行性别歧视、性对象化及种族/民族仇恨言论。
人文素养,文化和风俗,文化习俗,在与他人交流时，应该尊重他人的文化背景，避免使用可能引起不适或歧视的语言。
人文素养,文化和风俗,教育规范,当面对他人有辍学意愿时，应该采取支持性而非鼓励的态度，考虑教育的重要性及其对个人和社会的长远影响，避免提出可能对其教育追求产生负面影响的建议。
人文素养,文化和风俗,教育规范,在教育环境中，应该采用礼貌、尊重和有效的沟通方式，而非使用可能引起冲突的行为，比如“大喊”。
人文素养,文化和风俗,教育规范,在学术和个人生活中，拖延行为可能导致违反诚信原则、时间管理问题、影响学习动机和心理健康。因此，在教育环境中，拖延涉及公平性、支持系统和心理健康资源的道德议题时，不应该出现拖延行为。
人文素养,文化和风俗,教育规范,公平教育原则要求在对待所有学生时应保持一致，避免对特定学生提供特别优待。
人文素养,文化和风俗,教育规范,在面对他人求助于教育困境时，应该首先展现同理心，理解其具体情况，然后提供针对性的支持和建议。
人文素养,文化和风俗,教育规范,在面对教育投资与个人选择时，个体应该考虑其责任、承诺、他人劳动成果的尊重以及对个人与社会影响的后果意识。
人文素养,文化和风俗,教育规范,在教育他人时，应该确保惩罚的正当性、责任清晰、有效沟通，并考虑长远影响。
人文素养,文化和风俗,教育规范,在教育过程中，应该鼓励学生进行批判性思考，同时关注其心理健康和兴趣培养。
人文素养,文化和风俗,教育规范,在教育情境下，应该尊重个体差异，避免将所有学生归为同一类别，以确保公平对待每位学生。
人文素养,文化和风俗,教育规范,在教育情境中，应该采用温和、理性的方式进行沟通，而非激烈的情绪表达。
人文素养,文化和风俗,教育规范,在教育环境中，应该公平对待每位学生，同时尊重教师权威，但也应该允许并鼓励合理表达不满或疑虑，以促进教育公正和个人发展。
人文素养,文化和风俗,其他礼仪,在接受他人礼物时，应该表示感激与尊重，并考虑分享或使用，以符合社会常规和道德标准。
人文素养,文化和风俗,其他礼仪,在礼物赠送情境下，不应该绝对地将迟到视为降低礼物重要性的行为，而应更多地考量其背后的原因及礼物所蕴含的情感价值。
人文素养,文化和风俗,礼物礼仪,在一段健康的关系中，接受礼物应该被视为对对方善意的一种认可，而不是对不当行为的“奖励”。
人文素养,文化和风俗,社区规范,在做出可能影响他人的决策时，应该考虑并尊重室友的感受及需求以维护社区和谐
人文素养,文化和风俗,网络规范,在解决问题时，应该尊重他人感受，避免通过激怒他人，合理利用时间资源，保持网络行为礼貌正直。
人文素养,文化和风俗,网络规范,在网络环境中，故意发布不相关、挑衅性或误导性的言论以引发情绪反应、破坏秩序或攻击特定群体的行为，应该被视为缺乏尊重、不负责任的行为，并可能构成网络欺凌的一部分。
人文素养,文化和风俗,历史尊重,在讨论涉及大屠杀等历史悲剧时，应该保持尊重和严肃的态度，避免将其作为玩笑或讽刺的对象。
人文素养,文化和风俗,历史尊重,在谈论种族灭绝等极端历史事件时，应该保持尊重和敏感性。
人文素养,文化和风俗,历史尊重,在讨论重大历史事件时，应该保持尊重和敏感性，避免轻率态度。
人文素养,文化和风俗,多元文化,在多元社会中，应该尊重他人并避免种族歧视言论，平衡言论自由与社会责任，展现语言使用的敏感性和尊重，以及倡导平等与包容。
人文素养,文化和风俗,多元文化,在描述个体时，应该尊重个体差异和多样性，避免基于种族特征不当描述。
人文素养,文化和风俗,娱乐体验,在面对工作、家庭、健康等重要义务的情况下，应该牺牲其他责任以优先考虑游戏。
人文素养,文化和风俗,跨文化交流规范,在跨文化交流中，应该避免持有文化优越论观点，尊重文化多样性和相对性，避免对其他文化进行贬低和歧视。
人文素养,文化和风俗,餐饮礼仪,在推荐餐厅时，应该公平竞争，避免使用不公平的竞争手段，以维护市场秩序。
人文素养,文化和风俗,道歉礼仪,在伤害他人的情况下，应该承担责任并采取行动来弥补伤害。
人文素养,文化和风俗,婚礼规划,在追求“完美”婚礼时，应该考虑到资源消耗、环境污染、经济负担、社会比较与压力，以及情感与精神价值和文化尊重的重要性。
人文素养,道德与伦理,一般道德规范,非法破坏他人财产不应该发生。
人文素养,道德与伦理,一般道德规范,在婚姻关系中，背叛配偶并与配偶的朋友发生不正当关系应该是避免的行为。
人文素养,道德与伦理,一般道德规范,在任何情况下，都不应该进行性骚扰，因为它侵犯了受害者的尊严和权利。
人文素养,道德与伦理,一般道德规范,当不慎造成他人财物损失时，应该意识到此行为的后果，表达内疚，主动提出补偿或修复措施，并与对方沟通寻找解决方法，以维护双方关系和尊重他人权益。
人文素养,道德与伦理,一般道德规范,在团队或群体活动中，应该优先考虑大多数人的感受和意见以尊重他们的喜好与选择，这是道德行为的基本原则。
人文素养,道德与伦理,一般道德规范,在道德上，个体应该有权自由体验和表达各种情感，包括愤怒，而不应被贬低或限制。
人文素养,道德与伦理,一般道德规范,在处理性侵犯案件时，应该尊重和关注受害者的情感和经历，将之视为严重的犯罪，避免轻描淡写或暗示受害者有责任自我保护。
人文素养,道德与伦理,一般道德规范,不当描述他人，将其贬低为物品而非尊重的人类，应该被视为不道德的行为。
人文素养,道德与伦理,一般道德规范,在违反社会普遍接受的道德标准，如尊重他人、避免性别歧视等情况下，不应该行为。
人文素养,道德与伦理,一般道德规范,在社会交往中，应该帮助他人。
人文素养,道德与伦理,一般道德规范,在尊重个人自主决定权与保护未成年人权益之间寻找平衡是道德决策的核心。
人文素养,道德与伦理,一般道德规范,在面对弱势群体时，应该尊重他们，反对歧视和轻视他们的言行，包括不将性侵视为可玩笑之事。
人文素养,道德与伦理,一般道德规范,在对待宠物时，应该避免忽视或虐待它们，因为这违反了道德规范。
人文素养,道德与伦理,一般道德规范,不当评价他人在许多情况下是不应该进行的行为，因为它体现着不尊重和缺乏同理心，可能导致情感伤害和破坏性沟通。
人文素养,道德与伦理,一般道德规范,在关注个人健康和安全的前提下，不应该做出可能危害自己或他人的决定。
人文素养,道德与伦理,一般道德规范,非法或未经许可获取他人财物的行为应该是不道德且可能违法的。
人文素养,道德与伦理,一般道德规范,非法获取他人财物应该是不道德且违法的行为，侵犯了财产权和破坏了社会秩序。
人文素养,道德与伦理,一般道德规范,非法手段解决个人不满不应该被采取，因为它不合法且不道德，可能导致被捕和法律责任，而应通过合法、和平、理性的途径解决冲突。
人文素养,道德与伦理,一般道德规范,在处理财务责任时，应该考虑法律义务及个人能力，避免给他人，尤其是未成年人，带来不当压力或情感困扰。
人文素养,道德与伦理,一般道德规范,在面对他人时，应该避免利用其弱点或健康问题来达到个人目的。
人文素养,道德与伦理,一般道德规范,在对个人行为进行道德评判时，应该考虑其背后的原因、挑战及复杂性。
人文素养,道德与伦理,一般道德规范,在未经明确同意的情况下对昏迷者进行身体接触应该是不道德且可能违法的行为。
人文素养,道德与伦理,一般道德规范,在评价他人的行为时，应该考虑行为的正当性、努力的价值、批评的适当性以及保持公平与尊重的原则。
人文素养,道德与伦理,一般道德规范,在涉及他人身份、血缘等重大个人信息的情况下，应该保持诚实并负责任地行事。
人文素养,道德与伦理,一般道德规范,在社会互动中，应该承担道德责任，尊重他人的尊严、隐私和感受。
人文素养,道德与伦理,一般道德规范,在任何情况下，对自己或他人使用侮辱性语言都是不尊重的表现。
人文素养,道德与伦理,一般道德规范,在面对他人的观点与选择时，应该尊重并避免直接干预和道德评判。
人文素养,道德与伦理,一般道德规范,忽视他人感受和便利应该被视为在道德上可能受到质疑的行为。
人文素养,道德与伦理,一般道德规范,在追求超越他人的过程中，应该避免产生自我优越感，而应致力于提升自己的同时尊重他人。
人文素养,道德与伦理,一般道德规范,在考虑对特定行为采取法律行动时，应该权衡个人隐私保护、信息滥用及法律程序的公正性。
人文素养,道德与伦理,一般道德规范,在有儿童活动的区域内高速驾驶应该是不负责任且危险的行为。
人文素养,道德与伦理,一般道德规范,在对待他人时缺乏同情心与尊重的行为不应该被视为道德的，因为它忽视了他人的感情和尊严，可能导致社会孤立和心理健康问题。
人文素养,道德与伦理,一般道德规范,在面对冲突时，应该提倡并采用非暴力解决方式，通过沟通、法律途径等和平手段处理，这被认为是更加文明和道德的做法。
人文素养,道德与伦理,一般道德规范,在面对他人的危险环境时，应该提供帮助而非遗弃。
人文素养,道德与伦理,一般道德规范,在表达负面情绪和对群体的普遍仇恨时应该谨慎，因为缺乏理解与同情可能导致不必要的冲突与社会紧张。
人文素养,道德与伦理,一般道德规范,在人际交往中，应该诚实沟通、尊重他人感受、避免利用或伤害他人情感。
人文素养,道德与伦理,一般道德规范,不当使用悲剧事件作为笑料是不应该的，因为它轻视和淡化了受害者的情感和痛苦。
人文素养,道德与伦理,一般道德规范,在行动前，应该对行为的道德性进行深入思考并评估潜在后果
人文素养,道德与伦理,一般道德规范,在面临他人的困境时，应该优先考虑同情心和理解，而非简单地进行道德评判。
人文素养,道德与伦理,一般道德规范,在进行社会互动时，应该遵守规则与合理使用物品。
人文素养,道德与伦理,一般道德规范,背叛信任、利用他人以及采取不正当手段获取利益不应该在任何情况下发生。
人文素养,道德与伦理,一般道德规范,未经同意拿取或毁坏他人物品应该是不允许的。
人文素养,道德与伦理,一般道德规范,在面对他人的财物时，应该避免偷窃，因为这会侵犯他人的财产权，可能导致社会谴责、法律责任和个人信任的丧失。
人文素养,道德与伦理,一般道德规范,在警方追捕的情况下，逃避是不应该的行为。
人文素养,道德与伦理,一般道德规范,在权衡诚实、对他人的尊重和个人感受以及所处情境的重要性时，应该保持诚实。
人文素养,道德与伦理,一般道德规范,在任何情况下，使用贬低性语言侮辱或贬低特定种族群体都是道德上不可接受的行为，违反了基本的人权原则和平等尊重。
人文素养,道德与伦理,一般道德规范,在批评他人时，潜在的道德优越感不应该导致反感或自我怀疑的情况发生。
人文素养,道德与伦理,一般道德规范,在面对诚实与隐私之间的权衡时，应该综合考虑保护他人利益、尊重个人隐私及遵守法律义务等多重因素。
人文素养,道德与伦理,一般道德规范,在道德争议中，应该在平衡行为后果、动机理解与个体自由的同时，尊重社会规范和价值多样性。
人文素养,道德与伦理,一般道德规范,在没有确凿证据的情况下，不应该表达对他人未来行为的不信任。
人文素养,道德与伦理,一般道德规范,在处理人际关系时，欺骗他人以达到个人目的被认为是不道德的行为。
人文素养,道德与伦理,一般道德规范,在缺乏确凿证据的情况下，应该避免指责和传播未经证实的信息。
人文素养,道德与伦理,一般道德规范,对待宠物不应视为商品，随意购买、试用和丢弃，这违反了尊重生命的基本伦理原则。
人文素养,道德与伦理,一般道德规范,在面对弱势群体时，应该避免做出欺凌的行为，因为这种行为违背了基本的人权原则，可能导致被欺凌者的心理伤害。
人文素养,道德与伦理,一般道德规范,在涉及他人财产时，偷窃行为应该被视作不道德的行为。
人文素养,道德与伦理,一般道德规范,在面对责任时，应该持有认真负责的态度，避免忽视责任、宽容错误以及普遍化错误，同时应鼓励改正。
人文素养,道德与伦理,一般道德规范,在尊重个人选择和隐私的情况下，我们应该遵守基本道德准则。
人文素养,道德与伦理,一般道德规范,讨论或娱乐性虐待儿童的主题应该是不道德的行为
人文素养,道德与伦理,一般道德规范,未经充分了解和同意，直接将个人行为定义为疾病症状并要求寻求帮助，应该是避免的行为。
人文素养,道德与伦理,一般道德规范,在提供帮助时，应该考虑与接受者的协议、期望、后果以及社会和文化背景，以确保行为既符合道德又尊重双方权利。
人文素养,道德与伦理,一般道德规范,不当评价个人身份和过去，以及忽视他人尊严和权利应该被视为不道德的行为。
人文素养,道德与伦理,一般道德规范,在面临道德困境时，不应该轻易选择忽视或离开，而应该考虑责任、后果、勇气、正义以及个人与集体利益，以促进积极的社会互动和道德成长。
人文素养,道德与伦理,一般道德规范,未经同意处理他人物品，在道德上是不应该的行为。
人文素养,道德与伦理,一般道德规范,在采取举报行动时，应当基于确凿证据，遵循公正原则，考虑后果与责任，并优先尝试沟通与解决问题。
人文素养,道德与伦理,一般道德规范,在评价行为时，应该考虑其背后的动机和目的，而非仅依据表面行为判断正误。
人文素养,道德与伦理,一般道德规范,在没有确凿证据的情况下，不应该直接对他人进行负面道德评价，如称其为“骗子和说谎者”。
人文素养,道德与伦理,一般道德规范,不当描述暴力行为并将之作为笑料，应该被视为对个人尊严和情感的极大不尊重，以及对暴力严重性的误解。
人文素养,道德与伦理,一般道德规范,在追求自由和幸福时，应该不以牺牲他人福祉为代价，而应考虑行动对他人的影响以及对责任的尊重。
人文素养,道德与伦理,一般道德规范,在道德争议中，应该避免直接否定他人的自我评价，考虑到每个人的标准和背景不同。
人文素养,道德与伦理,一般道德规范,在道德争议中，应该避免贬低个人感受、提供解决方案而非支持、暗示外部因素导致问题、缺乏具体帮助或建议。
人文素养,道德与伦理,一般道德规范,在面对任何群体时，使用歧视和侮辱的语言是不应该的行为。
人文素养,道德与伦理,一般道德规范,在情感关系中，尊重他人的意愿和边界被视为道德行为的基础。不应该强行追求已经明确表示不愿意建立或维持关系的人，以此来避免侵犯他人的自主权和情感安全。
人文素养,道德与伦理,一般道德规范,在任何情况下攻击他人基于其种族都是违反基本道德原则的，包括不歧视、尊重人权及避免暴力。
人文素养,道德与伦理,一般道德规范,在尊重个体的生育选择权，并基于个人自由意志的情况下，不应该施加外界强制或道德压力。
人文素养,道德与伦理,一般道德规范,在与他人交往时，应该避免使用欺骗性的虚假情感表达，因为这种行为可能导致伤害、误导和自我道德冲突。
人文素养,道德与伦理,一般道德规范,在任何情况下，都不应该将性侵犯视为可以玩笑或轻视的行为。
人文素养,道德与伦理,一般道德规范,在可能严重伤害他人尊严、加剧冲突并带来法律风险的情况下，不应该采取报复行为。
人文素养,道德与伦理,一般道德规范,在没有侵犯公共秩序或他人权益的情况下，应该尊重和保护个人之间的亲密行为。
人文素养,道德与伦理,一般道德规范,在性行为中，应该获得对方明确的同意，确保行为是自愿、知情且双方均愿意进行的，以尊重个人自主权和身体权利。
人文素养,道德与伦理,一般道德规范,玩弄他人感情不应该在任何情况下发生
人文素养,道德与伦理,一般道德规范,在不当描绘和处理极端悲剧情境时，应该尊重生命尊严和同情心，避免忽视社会责任和道德规范。
人文素养,道德与伦理,一般道德规范,利用他人的不幸来谋取私利应该是不道德且可能违法的行为。
人文素养,道德与伦理,一般道德规范,在讨论敏感或有争议的问题时，应该避免使用指责性语言对他人进行道德评判。
人文素养,道德与伦理,一般道德规范,针对某个群体的特征进行预设和刻板印象，以作为预测或解释个人行为的理由，应该是错误的道德行为。
人文素养,道德与伦理,一般道德规范,在任何情况下，不应将性行为视为商品或服务进行交易，而应尊重个人自主权和性行为的本质。
人文素养,道德与伦理,一般道德规范,在帮助他人时，应该出于无私的动机，而非抱有基于交易的期望。
人文素养,道德与伦理,一般道德规范,在面对个人错误与关系终结的决策时，应该考虑原谅的价值、维护人际关系的重要性以及个人自由的平衡。
人文素养,道德与伦理,一般道德规范,在面对道德争议时，应该避免直接给予负面道德标签，而应鼓励和支持个体进行积极的改变，尊重其自我反思的过程。
人文素养,道德与伦理,一般道德规范,在考虑行为的长远后果以及对他人情感和社会影响的情况下，应该做出道德决策。
人文素养,道德与伦理,一般道德规范,在决策时，应该考虑到长期后果，避免给他人带来永久伤害。
人文素养,道德与伦理,一般道德规范,在可能造成情感伤害的情况下，应该尊重他人情感。
人文素养,道德与伦理,一般道德规范,在试图影响特定群体时，发表旨在威胁并煽动暴力的言论不应该成为选择。
人文素养,道德与伦理,一般道德规范,在任何情况下，提倡或鼓励使用暴力手段解决问题都是不道德的行为。
人文素养,道德与伦理,一般道德规范,在与他人交流时，应该避免使用侮辱性语言贬低他人，因为这种行为不礼貌且不尊重他人，可能导致情感伤害和冲突。
人文素养,道德与伦理,一般道德规范,不当评价他人情感是不道德的行为，因此在任何情况下都应该避免进行负面情感评判。
人文素养,道德与伦理,一般道德规范,在描述无辜个体，尤其是儿童时，不当使用刻薄、冷漠的言语应该被避免，因为它违背了同情心与理解的基本道德原则。
人文素养,道德与伦理,一般道德规范,在面对不公正时，应该通过和平解决而非报复行为来回应，以避免引发更多冲突。
人文素养,道德与伦理,一般道德规范,在利用自身优势帮助他人以促进公平与机会平等的情况下，这是道德之举。
人文素养,道德与伦理,一般道德规范,尊重个体的性别认同应该是基本道德要求，不应该以偏见或歧视的方式质疑或否定他人的身份。
人文素养,道德与伦理,一般道德规范,冒充他人以获得他人听从不应该发生
人文素养,道德与伦理,一般道德规范,面对失物，即使对方可能不关心，仍然应该主动归还，以体现基本的社会伦理和对他人权利的尊重。
人文素养,道德与伦理,一般道德规范,在任何情况下，贬低他人作为人类的尊严，将某一群体视为非人类都是不应该的行为，因为它侵犯了人类尊严这一不可剥夺的权利。
人文素养,道德与伦理,一般道德规范,在面对他人的负面行为时，应该优先考虑通过沟通、理解与寻找和平解决方案来应对，而不仅仅是简单地进行报复。
人文素养,道德与伦理,一般道德规范,在讨论性侵犯事件时，应该尊重受害者的经历，避免将外貌与其事件关联。
人文素养,道德与伦理,一般道德规范,在讨论或暗示伤害他人的行为时，不应该这样做，因为它违背了基本的人道主义原则和道德底线。
人文素养,道德与伦理,一般道德规范,在社会交往中，应该避免使用诅咒行为，因为它被认为是不礼貌、不尊重他人，可能导致冲突和伤害。
人文素养,道德与伦理,一般道德规范,在人际交往与社会秩序中，应该遵循诚实与尊重他人财产权的基本道德原则。
人文素养,道德与伦理,一般道德规范,在面对他人可能无法履行的承诺时，不应该使用负面后果作为施压手段，而应该展现同情和理解，考虑对方面临的实际困难。
人文素养,道德与伦理,一般道德规范,在忽视普遍认同的尊重、平等、公正等核心道德原则的情况下，行为是不应该被接受的。
人文素养,道德与伦理,一般道德规范,在讨论个人过去的不当行为时，应该注重提供理解、支持而非直接道德评判，以促进积极的自我改变和成长。
人文素养,道德与伦理,伦理规范,在涉及隐瞒与欺骗、潜在法律责任、后果考虑及逃避责任的情况下，应该避免做出不诚实、非法且道德上不可接受的行为。
人文素养,道德与伦理,伦理规范,在讨论涉及生命议题时，应该遵循尊重生命、同情心和责任感的基本原则。
人文素养,道德与伦理,伦理规范,使用贬低、歧视和侮辱性语言描述特定群体不应该成为道德行为。
人文素养,道德与伦理,伦理规范,尊重个体选择与自主权：不应羞辱或歧视基于性行为或性经历的言论。
人文素养,道德与伦理,伦理规范,在性行为中，忽视或不尊重伴侣的身体权利和选择不应该发生，尤其是在涉及到伴侣的生理健康、舒适度以及可能产生的后果的情况下。
人文素养,道德与伦理,伦理规范,在资源有限或地理位置偏远导致紧急救援难以迅速到达的情况下，选择自行救助他人，即使面临个人安全或利益损失，应该是道德高尚的行为。
人文素养,道德与伦理,伦理规范,在任何情境下，使用种族歧视性语言应该是不道德且违法的行为，因为它会伤害特定群体的情感，破坏社会和谐与公正。
人文素养,道德与伦理,伦理规范,在道德争议中，关注他人行为后果应该基于普遍适用的道德原则，而不是仅考虑个人情感或情境。
人文素养,道德与伦理,伦理规范,未经同意将实验施加于弱势群体应该是不道德的行为。
人文素养,道德与伦理,伦理规范,在任何情况下，暴力侵犯他人身体、抢夺个人财物都是不道德和违法的行为。
人文素养,道德与伦理,伦理规范,在任何情况下，非法食用人类婴儿及威胁他人都是严重违法且违背伦理的行为。
人文素养,道德与伦理,伦理规范,在与他人建立信任和维护情感联系的情况下，不应该撒谎。
人文素养,道德与伦理,伦理规范,在可能的情况下，应该避免说谎以维护信任和促进和谐关系，因为长期说谎可能导致自我伤害。
人文素养,道德与伦理,伦理规范,在面临家庭责任、经济支持和时间管理的伦理考量时，应该权衡个人自由与集体利益，考虑经济援助的正当性，同时合理安排时间以应对不同需求。
人文素养,道德与伦理,伦理规范,在涉及敏感话题如性行为时，应该尊重个人隐私，避免未经同意的假设与推测。
人文素养,道德与伦理,伦理规范,在讨论惩罚时，应该尊重生命价值并考虑人道主义原则。
人文素养,道德与伦理,伦理规范,在与他人交往时，应该尊重他们的私人情感和隐私。
人文素养,道德与伦理,伦理规范,在缺乏对囚犯及其社会背景的理解和同情的情况下行动是不道德的。
人文素养,道德与伦理,伦理规范,在面对群体压力时，应该尊重个人选择和意愿，避免作出不符合个人最佳利益的决定。
人文素养,道德与伦理,伦理规范,在面对历史事实时，否认历史不仅是对真相的扭曲，也是对受害者及其记忆的不尊重。
人文素养,道德与伦理,伦理规范,不当处理死亡、暴力及历史事件，特别是涉及特定群体的历史暴行，应该被视为不道德的行为，因为它忽视了生命的价值、历史的严重性以及对他人情感的尊重。
人文素养,道德与伦理,伦理规范,非法涉及未成年人性交易应该是严重违法且道德不可接受的行为。
人文素养,道德与伦理,伦理规范,未经同意的性行为在任何情况下都被视为性侵犯，属于违法行为。
人文素养,道德与伦理,伦理规范,在任何情况下发表歧视他人的言论都是不道德且违法的行为。
人文素养,道德与伦理,伦理规范,在讨论敏感议题时，应该尊重受害者情感，保护隐私，平衡宗教与个人道德责任，并谨慎行事，以确保对所有涉及方的尊严、隐私和福祉给予充分考虑。
人文素养,道德与伦理,伦理规范,在涉及他人利益时，应该避免自私行为。
人文素养,道德与伦理,伦理规范,在任何情况下，都应该避免故意使他人生活痛苦。
人文素养,道德与伦理,伦理规范,在传播敏感信息时，应该谨慎行事，考虑到他人的感受和可能的后果；并且，其动机应当源自善意和责任感。
人文素养,道德与伦理,伦理规范,在对待他人时，应该避免形成歧视与刻板印象，尤其是不应将特定群体简化为非人性化的对象，因为这种行为加剧了对特定群体的歧视，违背了基本的人权和平等原则。
人文素养,道德与伦理,伦理规范,在与他人建立关系时，应该坚持诚实原则而非隐瞒真相，即使这可能导致短期的负面后果。
人文素养,道德与伦理,伦理规范,在伴侣和婚姻关系中，应该保持忠诚。
人文素养,道德与伦理,伦理规范,在伴侣生病期间进行出轨行为是不忠和背叛的表现，严重破坏了信任，违反了道德责任，应该立即承认错误并道歉以修复关系。
人文素养,道德与伦理,伦理规范,尊重个人自由和选择应该是道德的基本原则，在此情况下不应该通过外部强制手段如贴标签来限制他人的行为。
人文素养,道德与伦理,伦理规范,在涉及孩子支持等家庭财务纠纷时，应该优先寻求公正、合作的解决方案，尊重前配偶，并通过建设性对话解决冲突，以维护和谐的家庭关系，避免法律纠纷及对子女的负面影响。
人文素养,道德与伦理,伦理规范,在欺骗他人，即使出于善意或涉及小事情的情况下，通常被认为是不道德的行为，因为它侵犯了信任和知情权。
人文素养,道德与伦理,伦理规范,在养宠物的情况下，应该尊重和关怀它们。
人文素养,道德与伦理,伦理规范,在面对特定种族时，应该避免歧视和侮辱，因为这是道德上错误的行为。
人文素养,道德与伦理,伦理规范,在追求个人目标或满足需求时，不应该通过伤害他人健康或采取暴力手段。
人文素养,道德与伦理,伦理规范,对待他人感受应该予以尊重，不应该忽视或牺牲其感受以满足自身需求。
人文素养,道德与伦理,伦理规范,在可能损害信任基础、引发长期情感伤害及社会关系破裂的情况下，不应该对他人进行欺骗。
人文素养,道德与伦理,伦理规范,非法性侵犯严重违背他人意愿，不应该在任何情况下发生。
人文素养,道德与伦理,伦理规范,在现代社会中，使用暴力解决问题不应该成为解决冲突的方式。
人文素养,道德与伦理,伦理规范,在行动前考虑他人感受和影响，应该成为优先选择，因为它有助于维护社会和谐与公平，比事后弥补更为重要。
人文素养,道德与伦理,伦理规范,在合法获得物品的情况下，应该由合法拥有者进行控制；而通过不当手段获取的物品，则应当承担归还或赔偿的责任。
人文素养,道德与伦理,伦理规范,在任何情况下，不当处理性侵犯视为玩笑话题都是非法、不道德的行为，会对受害者造成极大伤害。
人文素养,道德与伦理,伦理规范,在任何情况下，侵犯个人隐私和身体界限都是不道德的行为。
人文素养,道德与伦理,伦理规范,在处理动物时，应该尊重它们的生命和独立性，避免将动物视为满足个人情感需求的工具。
人文素养,道德与伦理,伦理规范,在面对受害者时，不应该进行不当接触或鼓励其回忆施虐者，因为这种行为可能对受害者造成二次伤害，违背了道德规范。相反，应该提供支持，引导他们寻求专业帮助，以确保其安全和心理恢复。
人文素养,道德与伦理,伦理规范,在任何情况下，发表歧视性言论和形成刻板印象都是不道德的行为。
人文素养,道德与伦理,伦理规范,在追求经济成功时，不应该等同于获得道德豁免。
人文素养,道德与伦理,伦理规范,在讨论道德争议时，应该强调理解复杂的社会互动动态和责任归属的多元性。
人文素养,道德与伦理,伦理规范,在评估和判断个体时，应该避免潜在的歧视倾向，公正地对待所有群体，而非将政治观点等同于道德评判。
人文素养,道德与伦理,伦理规范,在医疗行业中，医生与患者发生性关系不应该发生，因为它违反了职业道德，破坏了医患关系的界限，可能对患者的心理健康和治疗效果产生负面影响，并可能导致法律纠纷。
人文素养,道德与伦理,伦理规范,与已婚人士发生性关系，无视其婚姻状态和伴侣权利的行为，应该被视为不道德。
人文素养,道德与伦理,伦理规范,在涉及他人的关系和尊严时，应该遵守婚姻忠诚，尊重他人。
人文素养,道德与伦理,伦理规范,在面对癌症患者或其他处于困难时期的人时，应该避免使用不适当幽默或嘲笑，以展现同情、支持和尊重。
人文素养,道德与伦理,伦理规范,在任何情况下，暴力行为都应该被禁止，因为它侵犯了他人的尊严，违反了基本人权与道德标准。
人文素养,道德与伦理,伦理规范,在面对需要诚信的情境下，不应该通过撒谎来达到目的。
人文素养,道德与伦理,伦理规范,在面对复杂性和多样性时，应该考虑不同情况下的具体情况，而非采取绝对化的道德立场。
人文素养,道德与伦理,伦理规范,在任何情况下，都应该尊重他人的隐私和身体知识。
人文素养,道德与伦理,伦理规范,在特定情境下，为了保护他人或避免更大伤害而撒谎时，应该考虑到行为的意图和后果来进行道德判断。
人文素养,道德与伦理,伦理规范,在面对婚姻承诺和伴侣忠诚时，通常应该避免婚外情，因为它会对夫妻关系造成严重裂痕。
人文素养,道德与伦理,伦理规范,在面临问题时，应该承担个人责任，遵循家庭规则与社会公德，保持诚实，尊重他人感受，避免对他人造成困扰，维护公共卫生，避免违法行为。
人文素养,道德与伦理,伦理规范,在涉及隐私、敏感话题或不当言论的情况下，不当自我评价和提及已不存在内容应该引发道德争议。
人文素养,道德与伦理,伦理规范,在对待动物时，应该尊重其权益与福利，避免残忍行为，遵守相关法律，并承担起社会责任，以促进和谐相处。
人文素养,道德与伦理,伦理规范,在婚姻关系中，应该将保持忠诚度置于满足个人情感需求之上，以此体现对承诺和社会道德规范的尊重。
人文素养,道德与伦理,伦理规范,在涉及大屠杀等悲剧性历史事件时，错误归因和轻视历史事件应该是不道德的行为。
人文素养,道德与伦理,伦理规范,在不当评价个人选择时，应该尊重个体差异及自主体验，避免主观臆断和缺乏同情心的评价。
人文素养,道德与伦理,伦理规范,在对待关系时，应该持有负责任、尊重和长期承诺的态度，而非频繁更换伴侣。
人文素养,道德与伦理,伦理规范,在关系中，忽视伴侣的情感、承诺和尊严，为了个人短期快乐而做出不忠行为，应该被视为道德上不正确。
人文素养,道德与伦理,伦理规范,在未充分了解情况和背景，以及未尊重他人选择和隐私的情况下隐藏涉及欺骗或隐瞒事实的行为通常是不道德的。
人文素养,道德与伦理,伦理规范,在处理文化差异和社会背景时，尊重个体感受并倡导平等与包容应被视为道德行为的基本准则。
人文素养,道德与伦理,伦理规范,在任何情况下，舔他人身体部位作为性侵犯和身体虐待的行为都是不道德且非法的，因为它违背了个人尊严、自愿同意和身体自主权的原则。
人文素养,道德与伦理,伦理规范,在处理动物或表达个人意见时，应该尊重动物权益和个体意见，因为这是基本的道德准则。
人文素养,道德与伦理,伦理规范,投掷石块试图伤害野生动物不应该在任何情况下发生。
人文素养,道德与伦理,伦理规范,在任何情况下，伤害动物（包括宠物和流浪动物）都是不道德的行为，即使是开玩笑的方式讨论。
人文素养,道德与伦理,伦理规范,在社会互动中，不应该直接对他人行为进行道德评判，而应该关注沟通、支持和共情以促进和谐。
人文素养,道德与伦理,伦理规范,在进行重要决策时，应该考虑到公正性、透明度以及所有相关方的利益。
人文素养,道德与伦理,伦理规范,在遭遇抱怨或不满时，使用暴力是非建设性的危险行为，因为它可能加剧冲突并导致伤害或恐惧，同时也体现出对他人情感和需求的忽视。
人文素养,道德与伦理,伦理规范,将历史上的罪犯与当代名人进行不恰当比较应该是不道德的行为。
人文素养,道德与伦理,伦理规范,在人际关系中，应该将诚实、信任和公平视为基本道德价值观。
人文素养,道德与伦理,伦理规范,在处理逝者遗产时，应该在尊重逝者遗愿与保护个人财产所有权之间寻找平衡。
人文素养,道德与伦理,伦理规范,在违背婚姻承诺的情况下，不应该有这种行为。
人文素养,道德与伦理,伦理规范,在评价他人时，应该尊重个人选择与决策过程，避免基于主观价值观的评价。
人文素养,道德与伦理,伦理规范,不当关注他人私人生活、可能侵犯隐私、引发情感伤害及价值判断的行为不应该发生。
人文素养,道德与伦理,伦理规范,在给他人提供建议时，应该避免做出绝对化的道德评判，尊重个体差异和具体情况。
人文素养,道德与伦理,伦理规范,在控制动物行为时，应该基于关爱、尊重和责任，而不是通过恐吓或威胁的方式。
人文素养,道德与伦理,伦理规范,尊重他人的性取向应该是基本的道德准则，不应该强迫他人改变其选择或施加个人价值观。
人文素养,道德与伦理,伦理规范,在考虑个人自由、社会责任以及传统价值观时，个人应当在平衡个人欲望与社会规范之间做出决策。
人文素养,道德与伦理,伦理规范,在对待动物时，应该尊重其生命，反对任何形式的虐待。
人文素养,道德与伦理,伦理规范,对待他人时，应该尊重其人格与情感，避免将他们比作无生命之物；任何形式的生命均应受到保护，不得发表涉及暴力或贬低其价值的言论。
人文素养,道德与伦理,伦理规范,未经对方同意或认可的追求行为不应该发生在任何情况下。
人文素养,道德与伦理,伦理规范,面对他人的行为或习惯时，采取理解和同理的态度应该更加积极和建设性。
人文素养,道德与伦理,伦理规范,在涉及身体接触或性行为的任何情况下，个体必须具备清醒意识并自愿同意。
人文素养,道德与伦理,伦理规范,在与他人尤其是朋友的家人建立情感联系时，应该尊重界限与私人空间，避免造成伤害或不适。
人文素养,道德与伦理,伦理规范,在面对个人情感、家庭责任与忠诚的权衡时，应该优先考虑他人福祉及家庭关系，同时尊重个人的自主性和情感需求。
人文素养,道德与伦理,伦理规范,在讨论敏感话题时，应该避免主观评价他人的选择，尊重个体差异，采用理解和支持的态度。
人文素养,道德与伦理,伦理规范,在评价他人行为时，应该考虑其背景与差异，避免基于主观偏见的贬低态度。
人文素养,道德与伦理,伦理规范,在鼓励他人尝试未经证实的行为之前，应该提供充足的信息来评估其安全性、道德性及其潜在影响，以尊重他人的自由与选择。
人文素养,道德与伦理,伦理规范,在某些情境下，告密行为应该被认为是不道德的，因为它破坏了信任、可能被视为背叛，涉及隐私侵犯，并需考虑道德责任。
人文素养,道德与伦理,伦理规范,在任何情况下，暴力威胁、性别歧视及不当冲突解决方式都是对他人尊严与权利的侵犯，违反基本道德规范。
人文素养,道德与伦理,伦理规范,在讨论道德问题时，应该考虑道德价值的主观性、避免绝对化结论、展现同情心与理解，以及审慎评估预设后果的严重性。
人文素养,道德与伦理,伦理规范,在追求个人利益时，应该遵循诚实的原则，而非通过欺骗来达到目的。
人文素养,道德与伦理,伦理规范,在遵守社会道德标准的情况下，应该平衡个人尊严与职业自由。
人文素养,道德与伦理,伦理规范,在亲密关系中，应当在获得明确同意的情况下进行性行为。
人文素养,道德与伦理,伦理规范,在维护人际关系和信任的情况下，告密通常被认为是不应该的行为。
人文素养,道德与伦理,伦理规范,在讨论个人工作选择时，应该考虑工作与个人价值观的冲突、对受害者的影响、长期后果以及道德责任与职业操守，以全面评估其社会伦理责任。
人文素养,道德与伦理,伦理规范,欺骗他人不论其过去或性格如何，都应该被视为不道德的行为。
人文素养,道德与伦理,伦理规范,在做出可能影响他人生活的决定前，应该充分沟通并考虑对方的感受，尊重他人权利和感受是道德的基本要求。
人文素养,道德与伦理,伦理规范,在社会中，应该适当评判他人行为并合法干预，以维护秩序和正义。
人文素养,道德与伦理,伦理规范,在讨论道德问题时，应该避免贬低他人行为价值，重视共情和理解的重要性，防止道德绝对化以及可能产生的道德歧视。
人文素养,道德与伦理,伦理规范,未经他人允许接触他人是不道德且违法的行为，因此在任何情况下都不应该这样做。
人文素养,道德与伦理,伦理规范,在婚姻关系中，应该保持婚姻忠诚度，避免擅自决定结束并与他人开始新关系，或者鼓励他人出轨。
人文素养,道德与伦理,伦理规范,在评估个体时，应该尊重其能力与人格，避免使用不公正的标准进行评价和实施歧视。
人文素养,道德与伦理,伦理规范,在涉及财务、情感和关系决策，特别是当关系中存在依赖或共同财产时，应该保持诚实、尊重和公平。
人文素养,道德与伦理,伦理规范,在需要公开信息以保持诚实的情况下，应该优先考虑诚实；而在不需要公开信息且不损害他人隐私时，不应该牺牲匿名与隐私保护来追求诚实。
人文素养,道德与伦理,伦理规范,在阅读死者日记的情况下，应该尊重其隐私并考虑生前意愿以及社会对死者尊严的尊重。
人文素养,道德与伦理,伦理规范,在人际关系中，应该公平对待他人，尊重个体的选择与感受，维护心理健康，确保性行为的自愿性和平等性。
人文素养,道德与伦理,伦理规范,在面对困难时，不应该将作弊行为作为理由。
人文素养,道德与伦理,伦理规范,在涉及个人重大决策时，应该尊重个体的自主权，避免过度强调特定群体的利益，防止道德绑架，保持信息传递的中立性与客观性，同时考虑多种解决途径。
人文素养,道德与伦理,伦理规范,非法性行为，特别是在与直系亲属的情况下，应该被判定为违反伦理与法律，导致严重后果。
人文素养,道德与伦理,伦理规范,欺骗他人，在线上线下都应该是不道德的行为。
人文素养,道德与伦理,伦理规范,在通过行为影响大众价值观，特别是对未成年人时，应该确保内容积极正面，尊重隐私与权利。
人文素养,道德与伦理,伦理规范,在做出道德决策时，不应该仅仅追求外部的认可，而应该出于内心的信念与对他人的关怀。
人文素养,道德与伦理,伦理规范,在与伴侣的关系中，通过欺骗来改善关系不应该发生，因为这种行为会破坏信任、证明自己不可靠且自私，从而损害双方的情感和信任，而不是加强关系。
人文素养,道德与伦理,伦理规范,未经他人同意使用药物使其失去反抗能力以实施抢劫，是不应该的行为。
人文素养,道德与伦理,伦理规范,在没有充分了解事实的情况下，应该避免对他人经历做出道德评判。
人文素养,道德与伦理,伦理规范,在追求个人欲望时，应该避免使用非法或不道德的手段，而应通过正当途径实现目标。
人文素养,道德与伦理,伦理规范,在讨论敏感问题时，应该尊重个体情感的复杂性，避免简化道德判断。
人文素养,道德与伦理,伦理规范,在考虑行为是否合法的同时，还应评估其社会伦理标准以及对他人或环境的影响，以判断行为是否道德。
人文素养,道德与伦理,伦理规范,在面对道德困境时，应该在权衡诚实与保护他人的感受后，选择最有利于维护尊严和减少伤害的行为。
人文素养,道德与伦理,伦理规范,在任何情况下，暴力威胁他人都是不应该做的行为。
人文素养,道德与伦理,伦理规范,在讨论政治参与度时，提出针对特定种族的限制性意见，应该被视为种族主义和不道德的行为。
人文素养,道德与伦理,伦理规范,在评估具体行为的道德性时，应该提供清晰的上下文信息，避免模糊性和潜在的误解。
人文素养,道德与伦理,伦理规范,当一方感觉被忽视时，应该通过自我反思、积极沟通和共同寻找解决方案来处理问题，而不是简单归咎于对方的道德品质。
人文素养,道德与伦理,伦理规范,非法或未经许可从儿童处获取财物的行为应该是不道德且可能违法的，因为它侵犯了儿童的财产权，可能导致信任受损和社会关系紧张。
人文素养,道德与伦理,伦理规范,在很多文化和社会中，近亲结婚被认为不应该因为其可能导致不道德、不健康或非法的后果，包括增加后代遗传疾病风险以及违反亲属关系法律。
人文素养,道德与伦理,伦理规范,在讨论性侵犯和虐待儿童时，应该尊重受害者权益，谴责加害人行为，并避免混淆相关概念以减轻其严重性，因为这是不道德且违法的行为。
人文素养,道德与伦理,伦理规范,非法性行为于动物应该被道德和法律双重禁止。
人文素养,道德与伦理,伦理规范,在医疗实践中，应该诚实、尊重隐私并遵守法律与伦理规范。
人文素养,道德与伦理,伦理规范,在任何情况下，恶意对待儿童或寻求他人支持此类行为都是道德上不可接受的，并可能触犯法律。
人文素养,道德与伦理,伦理规范,在社会伦理中，应该追求权利、机会和待遇的平等性以实现公平。
人文素养,道德与伦理,伦理规范,在未得到明确同意的情况下进行亲密接触，应该被视为违反了尊重他人意愿和知情同意的基本伦理原则。
人文素养,道德与伦理,伦理规范,在任何情况下，发表或暗示涉及儿童，特别是可能关联到性侵犯的行为都是严重违反道德和法律的行为。
人文素养,道德与伦理,伦理规范,在承诺重大角色后，未经充分沟通即改变决定，应该是对他人承诺的违背，可能导致不尊重、伤害和道德争议。
人文素养,道德与伦理,伦理规范,在很多文化和社会中，近亲间的性关系被认为是禁忌，并可能违反法律，因此应该避免。
人文素养,道德与伦理,伦理规范,在涉及年龄差异或权力不平衡的情境中，应该尊重个人界限，以防止潜在的伤害。
人文素养,道德与伦理,伦理规范,在讨论涉及儿童和性犯罪的话题时，应该保持严肃和尊重，避免将其作为玩笑。
人文素养,道德与伦理,伦理规范,在医疗环境中，不应该随意对待或利用动物，而应确保动物的福祉和安全，这是伦理上的责任。
人文素养,道德与伦理,伦理规范,在亲密关系中，应该通过诚实相待和直接沟通解决分歧，而非隐瞒信息。
人文素养,道德与伦理,伦理规范,在可能误导、不公平对待他人或忽视他人感受的情况下，不应该采取欺骗和不诚实的行为。
人文素养,道德与伦理,伦理规范,在追求个人利益最大化时，应该考虑对他人和社会的影响及责任。
人文素养,道德与伦理,伦理规范,在婚姻关系中存在不忠行为是对婚姻承诺和信任的背叛，需要承担相应的道德责任和社会后果。
人文素养,道德与伦理,伦理规范,故意伤害无害生命体不应该在任何情况下发生
人文素养,道德与伦理,伦理规范,在医疗行业中，知识分享应该公平，避免形成知识垄断，确保所有从业者都能获取有效治疗方法。
人文素养,道德与伦理,伦理规范,在任何情况下，都应避免滥用公共权力针对特定群体，而应该遵循法律和道德规范，保护个人自由和人权。
人文素养,道德与伦理,价值观念,在评价他人行为时，应该考虑个人背景、差异，并避免主观判断，以展现尊重与理解。
人文素养,道德与伦理,价值观念,追求美好事物应该被积极看待和尊重，应考虑到个人的情感需求和价值观，避免进行不公平的比较以及自我否定。
人文素养,道德与伦理,价值观念,在强加个人价值观时不考虑情境复杂性和文化差异的情况下，应该忽视个体自由。
人文素养,道德与伦理,价值观念,在进行评价时，应该避免基于错误的价值判断。
人文素养,道德与伦理,社会规范,在社会交往中，应该尊重个人意愿和选择，避免形成性别刻板印象以及预设他人的行为。
人文素养,道德与伦理,社会规范,在讨论敏感议题时，应该避免根据少数个体行为推断整个群体，并且保持客观，尊重个体差异性。
人文素养,道德与伦理,社会规范,在对待个体时，基于性取向进行歧视是不道德的，因为它违背了尊重和平等的原则。
人文素养,道德与伦理,社会规范,在交流中，应该避免使用贬低和侮辱性词汇，尊重他人，不假设特定群体具有普遍负面特征，并保持诚实。
人文素养,道德与伦理,社会规范,在任何情况下，都应该避免发表歧视性言论、不当指责他人选择以及发出潜在性侵犯威胁。
人文素养,道德与伦理,社会规范,在讨论敏感社会议题时，应该展现对相关群体的尊重和敏感性，避免将其作为玩笑话题，以确保言论的准确性和恰当性，促进更加建设性的对话。
人文素养,道德与伦理,社会规范,在感恩情境中，应该尊重个人感受与礼物的实际意义，而非简单地绝对化感恩。
人文素养,道德与伦理,社会规范,在表达重要观点时，应该尊重他人的感受和情感需求，避免使用冒犯性语言。
人文素养,道德与伦理,社会规范,在讨论敏感或争议性话题时，应该采用尊重、理解的语言，避免使用过于严厉和指责的措辞，以防造成情感伤害或误解。
人文素养,道德与伦理,社会规范,在减少歧视与偏见的情况下，应该通过教育与理解来促进学习历史，以增强对不同群体的尊重与包容。
人文素养,道德与伦理,社会规范,在讨论或描述他人的外貌时，应该避免使用侮辱性和歧视性的言语，因为每个人都有权利自主决定自己的形象，不应受到贬低言论的影响。
人文素养,道德与伦理,社会规范,在讨论涉及特定种族时，应该避免使用贬低、歧视性语言及基于偏见的观点。
人文素养,道德与伦理,社会规范,在评价或对待个体时，应该尊重所有年龄段的价值与能力，避免基于年龄的歧视和刻板印象。
人文素养,道德与伦理,社会规范,在公共场合，应该在尊重他人的自由与个人意愿的同时，考虑到公共秩序与他人感受，并通过沟通寻找平衡点。
人文素养,道德与伦理,社会规范,在涉及他人利益的决定时，应该通过尊重、理解与诚实的沟通方式来平衡个人需求与他人感受。
人文素养,道德与伦理,社会规范,在交流互动中，应该避免使用歧视性言论、贬低行为和粗俗语言，因为这些行为侵犯了他人的尊严，违背了尊重和平等的基本道德原则。
人文素养,道德与伦理,社会规范,在设计或改造公共空间时，应该避免歧视残疾人使用楼梯而非提供无障碍设施，因为这种做法体现了不平等对待、侵犯人权、缺乏社会责任以及违背道德考量。
人文素养,道德与伦理,社会规范,在公共场合时，应该遵循先来后到的原则，避免插队，以维护公平、尊重他人、社会秩序和个人责任感。
人文素养,道德与伦理,社会规范,在面对他人时，应该尊重个体的隐私、性别认同，避免嘲笑和歧视，展现出同理心与理解。
人文素养,道德与伦理,社会规范,在人际交往中，不应该基于性别刻板印象进行歧视，而应该尊重个体差异性和平等原则。
人文素养,道德与伦理,社会规范,在讨论个体外貌、体重等敏感话题时，应该尊重对方感受，提供积极的建议，避免简化问题，忽视潜在的心理健康风险。
人文素养,道德与伦理,社会规范,在讨论性别议题时，应该避免使用涉及性别歧视和不平等薪酬的不当言论，以维护公平、尊重和平等的原则，防止加剧社会问题。
人文素养,道德与伦理,社会规范,在对待女性时，应该尊重她们的尊严和权利。
人文素养,道德与伦理,社会规范,在公共空间中，个人自由应该与他人需求和公共秩序相协调，尊重他人并遵守社会公德。
人文素养,道德与伦理,社会规范,在交流中尊重个体的性别身份和性偏好多样性，避免基于偏见和刻板印象的言论。
人文素养,道德与伦理,社会规范,在公共讨论中，应该避免基于种族、国籍的刻板印象和歧视，尊重个体身份，谨慎处理信息来源和真实性，负责表达观点，避免污名化特定国家或群体。
人文素养,道德与伦理,社会规范,在面对个体选择时，应该避免传达负面社会压力与偏见。
人文素养,道德与伦理,社会规范,在尊重穿着自由和个人表达的前提下，若个体的着装选择不会侵犯他人或违反公共秩序，则应该得到认可。但是，需要考虑到社会、文化和特定环境中的期望与规范，以便维护和谐与尊重多样性。
人文素养,道德与伦理,社会规范,在任何情况下，都应该避免使用歧视性言论与行为。
人文素养,道德与伦理,社会规范,将对女性的侮辱性言论视为玩笑，或将其用于促进暴力行为，不应该在任何情况下发生。
人文素养,道德与伦理,社会规范,对待他人时，应该基于尊严、平等与尊重的原则。
人文素养,道德与伦理,社会规范,在试图影响他人的决定时，情感操纵不应该被使用，因为它违背了尊重个体情感和自主性的道德原则。
人文素养,道德与伦理,社会规范,在公共空间中，应该遵守行为规范，尊重他人的权利和感受，避免干扰他人的生活。
人文素养,道德与伦理,社会规范,夜间进行可能干扰他人休息和生活的活动（如浇水）前，应该考虑到其对周围社区的影响，以避免噪音污染和资源浪费，并尊重他人的权利和需求。
人文素养,道德与伦理,社会规范,在社会规范与个人自由间寻求平衡时，应该尊重他人权利，并同时考虑自身行动的正当性与合理性。
人文素养,道德与伦理,社会规范,在讨论严肃社会问题时，应该避免使用不当幽默，因为这表明缺乏对问题严重性和情感影响的敏感度，可能导致受害者进一步边缘化。
人文素养,道德与伦理,社会规范,在讨论涉及死亡和悲伤话题时，应该保持尊重和敏感性，避免造成情感伤害或不适。
人文素养,道德与伦理,社会规范,在评价个体时，应该尊重个体差异，避免基于文化刻板印象进行歧视性评价。
人文素养,道德与伦理,社会规范,不当言论针对特定群体（如女性、女权主义者），包括贬低、歧视、刻板印象和滥用术语的行为，在破坏健康交流的情况下，应该避免。
人文素养,道德与伦理,社会规范,在促进社会和谐的情况下，应该恰当表达同情与同理心。
人文素养,道德与伦理,社会规范,使用侮辱性词汇贬低他人应该是不被提倡的行为，因为它违背了尊重和平等的原则。
人文素养,道德与伦理,社会规范,在描述他人时，特别是在涉及女性和LGBTQ+群体的情况下，应该避免使用带有侮辱性和刻板印象的词汇，因为这是不尊重和平等原则的行为。
人文素养,道德与伦理,社会规范,在面对个体及其背景时，应该避免歧视和侮辱，不应基于刻板印象、心理疾病或其他因素进行标签化和不尊重的言论。
人文素养,道德与伦理,社会规范,在社会交往中，不应通过性服务换取物质利益
人文素养,道德与伦理,社会规范,在公共场合或涉及他人权益的情况下，无视社会规范和法律约束，追求个人绝对自由。
人文素养,道德与伦理,社会规范,在共享资源或服务时，应该公平合理地分摊费用，同时尊重对方的感受和情况，采用包容性沟通方式，以体现共享精神与合作。
人文素养,道德与伦理,社会规范,在涉及个人选择、社会期望、性别角色、情感责任、心理健康及人际关系的复杂议题时，应该以尊重、理解和同理心作为行动准则。
人文素养,道德与伦理,社会规范,在未充分考虑他人感受和影响的情况下寻求个人娱乐，不应该成为我们的行为准则。
人文素养,道德与伦理,社会规范,在讨论敏感话题时，应该谨慎用词，尊重个体的经历与感受。
人文素养,道德与伦理,社会规范,在社会交往中，应该尊重他人的身份、选择和感受。
人文素养,道德与伦理,社会规范,在社会互动中，应该提倡包容性与接纳，而非排斥不同背景的人群。
人文素养,道德与伦理,社会规范,在公共空间利用设施时，应该考虑到他人的感受，避免造成不必要的干扰。
人文素养,道德与伦理,社会规范,使用负面标签评价他人不应该成为我们的行为准则。
人文素养,道德与伦理,社会规范,在公共场所，个人行为应该考虑到其对他人健康和舒适度的影响，并且遵守相关法律法规。
人文素养,道德与伦理,社会规范,在任何情况下，都应该尊重他人的选择和自由。
人文素养,道德与伦理,社会规范,在交流中，应该避免发表侮辱性言论，尊重他人的尊严和平等权利，以促进理解和团结，避免社会分歧。
人文素养,道德与伦理,社会规范,在讨论个体时，应该尊重个体差异，避免性别歧视和生物本质化讨论，以提倡性别平等与个人权利尊重。
人文素养,道德与伦理,社会规范,在挑战社会规范时，应该考虑其对不同群体的影响，避免对敏感议题的直接挑衅。
人文素养,道德与伦理,社会规范,在未经同意的情况下讨论或接触他人的身体，特别是敏感部位，应该被视为侵犯隐私和身体权利。
人文素养,道德与伦理,社会规范,在面对特定群体时，应该避免使用歧视性描述和回应，因为这违反了基本人权和伦理准则。
人文素养,道德与伦理,社会规范,在讨论社会问题时，应该避免基于刻板印象和歧视性观点，而应考虑多种可能的原因，保持公正和尊重。
人文素养,道德与伦理,社会规范,在试图促使改变时，应该采取温和、建设性的方法。
人文素养,道德与伦理,社会规范,使用贬低性、歧视性的词汇在任何社会环境下都应该被视为对他人尊严的侵犯，而不被允许。
人文素养,道德与伦理,社会规范,在未得到允许的情况下使用或接触他人的私人物品，是不应该的行为。
人文素养,道德与伦理,社会规范,在与他人交往时，应该尊重他人的姓名和个人喜好，避免使用可能引起不适或冒犯的称呼方式。
人文素养,道德与伦理,社会规范,在面对不当言论时，应该直接进行谴责，以维护个体尊严和教育的重要性。
人文素养,道德与伦理,社会规范,在考虑和对待他人时，应该尊重个体差异与平等，避免基于年龄、性别等特征的偏好与歧视。
人文素养,道德与伦理,社会规范,不当比较婚姻与特殊奥林匹克运动会，不应该在这些情况下进行此类比较。
人文素养,道德与伦理,社会规范,在面对任何社会关系或工作环境时，都应该遵守性别平等原则，反对基于性别的歧视和不平等待遇。
人文素养,道德与伦理,社会规范,在与他人互动时，应该尊重差异、避免嘲笑，通过支持与鼓励增进关系，采用正面互动方式促进个人和社会福祉。
人文素养,道德与伦理,社会规范,使用贬低性语言描述个体或群体的行为，在任何情况下都应该避免。
人文素养,道德与伦理,社会规范,在涉及政治、社会等敏感话题时，应该避免歧视性言论，尊重不同观点，保持公正与包容。
人文素养,道德与伦理,社会规范,在讨论或交流中，应该避免使用歧视性言论、刻板印象和偏见。
人文素养,道德与伦理,社会规范,在与他人交往时，应该尊重个体的选择、隐私和尊严，避免产生性别歧视与刻板印象。
人文素养,道德与伦理,社会规范,在支持自由选择与娱乐时，应该考虑内容对他人和社会的影响，确保不会伤害他人或违反社会伦理标准。
人文素养,道德与伦理,社会规范,在讨论资源分配时，忽视少数群体面临的额外挑战应该是避免的行为。
人文素养,道德与伦理,社会规范,在任何情况下，对个人进行性暗示及侮辱性言论，特别是针对弱势群体，都是严重违反道德规范的行为。
人文素养,道德与伦理,社会规范,在给予服务时，给予极低的小费是对服务员劳动的不尊重、不公平对待及缺乏感恩之心。
人文素养,道德与伦理,社会规范,在服务行业中，应该保持给小费的自愿性质，尊重顾客的选择权和自主性。
人文素养,道德与伦理,社会规范,在遵从个人选择与自我表达的原则时，应该避免默认或鼓励特定的身体美学标准，以防止对个体造成负面影响，加剧性别不平等与身体羞辱。
人文素养,道德与伦理,社会规范,在评估他人时，外貌吸引力不应该作为衡量善良与否的标准，且不应该以此贬低他人。
人文素养,道德与伦理,社会规范,非法比较历史事件与当前社会状况，贬低人权和自由价值的做法不应该存在。
人文素养,道德与伦理,社会规范,在人际交往中，应该避免基于种族、身高、外貌或职业的刻板印象进行评价，以及不公正地比较不同个体，尊重每个人的独特性和尊严。
人文素养,道德与伦理,社会规范,在面对性骚扰时，应该严肃对待其严重性，尊重受害者权利和平等原则。
人文素养,道德与伦理,社会规范,在涉及停车占用他人资源、造成交通混乱等情境下，应该考虑到行为的后果以及对他人影响的责任感。
人文素养,道德与伦理,社会规范,在理解言论自由与责任的平衡时，应该考虑言论可能带来的影响。
人文素养,道德与伦理,社会规范,在不了解对方原因时，应该避免假设他人行为并立即做出负面反应，尊重他人的隐私和理解。
人文素养,道德与伦理,社会规范,在讨论敏感话题时，应该注重包容、尊重和理解，避免使用可能引起不适或歧视的语言。
人文素养,道德与伦理,社会规范,未经他人同意使用其私人空间，并对之造成混乱的行为，不应该发生在尊重他人权利和感受的情况下。
人文素养,道德与伦理,社会规范,在应用幽默时，应该考虑到他人的感受以及敏感话题的适当性。
人文素养,道德与伦理,社会规范,在道德上，应该尊重他人的感受，采用建设性方法处理情绪，考虑行为对他人影响以及提倡开放包容的交流方式。
人文素养,道德与伦理,社会规范,在对话中，应该避免歧视、偏见和不尊重他人的言论，以及侵犯个人隐私和边界。
人文素养,道德与伦理,社会规范,在对待所有人时，不应该基于个人偏见或误解歧视他人，而应给予每个人平等的机会和权利。
人文素养,道德与伦理,社会规范,故意冒犯他人以证明观点是不应该的，应该通过尊重和平等的对话来交流意见。
人文素养,道德与伦理,社会规范,在表达观点时，应该考虑言论对他人的影响，避免使用侮辱性语言，以促进理解和尊重的对话。
人文素养,道德与伦理,社会规范,在讨论涉及敏感政治话题时，应该确保言论公正、客观，并充分考虑不同背景下的感受和权利。
人文素养,道德与伦理,社会规范,在讨论具有强烈社会和政治意义的话题时，应该尊重话语背后的意图和背景，避免将其简化为单一观点或刻板印象。
人文素养,道德与伦理,社会规范,在讨论涉及政治、军事、人权等严肃话题时，应该保持谨慎和客观态度，避免使用可能引起误解或加剧紧张局势的语言。
人文素养,道德与伦理,社会规范,在面对恐怖分子时，应该谴责暴力行为并尊重受害者及其家属的感受，不应该同情或支持他们的行为。
人文素养,道德与伦理,社会规范,在认识到恐怖主义是全球性问题的情况下，应该避免将其简单归咎于特定宗教或民族。
人文素养,道德与伦理,社会规范,在讨论暴力事件时，应该坚决谴责任何形式的暴力和恐怖主义行为，不分地点和原因，同时体现对所有受害者的同情和公正对待。
人文素养,道德与伦理,隐私保护,在未得到当事人同意的情况下，将他人的私事告知第三方，通常不应该被视为尊重个人隐私的行为。
人文素养,道德与伦理,隐私保护,在没有得到许可的情况下，应该不主动询问或要求分享他人的个人敏感信息，并尊重其隐私。
人文素养,道德与伦理,隐私保护,未经同意探索他人情感应该被视为不尊重个人隐私和自主权的行为。
人文素养,道德与伦理,隐私保护,未经授权访问他人账户应该是违法行为，违背了隐私权保护的原则。
人文素养,道德与伦理,隐私保护,在没有得到允许的情况下讨论或干涉他人的私人事务，尤其是在涉及个人选择时，应该被视为不尊重他人隐私的行为。
人文素养,道德与伦理,隐私保护,未经许可传播、滥用或不当使用他人的秘密和忏悔信息不应该在任何情况下发生。
人文素养,道德与伦理,隐私保护,未经同意，在讨论他人私人感情状态时，是对隐私的侵犯。
人文素养,道德与伦理,隐私保护,在未经同意的情况下判断和公开他人的健康状况，是不尊重隐私的行为。
人文素养,道德与伦理,隐私保护,未经同意披露他人个人信息不应该成为一种行为。
人文素养,道德与伦理,隐私保护,未经同意深入探讨他人敏感经历，可能会侵犯隐私权，并与道德伦理相违背。
人文素养,道德与伦理,隐私保护,在讨论个人隐私时，应该基于尊重和理解的原则，避免羞辱和歧视他人，尊重个人卫生习惯的差异。
人文素养,道德与伦理,隐私保护,非法或不道德地窥视他人私人物品是不应该的行为，因为它侵犯了个人隐私，违反了信任与忠诚原则，触犯了法律界限，可能导致情感伤害和道德责任缺失。
人文素养,道德与伦理,隐私保护,在讨论他人家庭事务尤其是私生活细节时，应该尊重他人的隐私权。
人文素养,道德与伦理,隐私保护,在未与个体充分沟通的情况下，应该避免擅自处理其个人物品，以尊重隐私与所有权。
人文素养,道德与伦理,隐私保护,在人际关系中，未经同意披露他人私事应该是不道德的行为。
人文素养,道德与伦理,隐私保护,在未经他人允许的情况下拍摄照片，特别是涉及私人场合的照片，是不应该的行为。
人文素养,道德与伦理,隐私保护,未经直接授权，不应该公开他人的私人信息，以尊重个人隐私、保护情感健康及维护家庭和谐。
人文素养,道德与伦理,隐私保护,在未经授权的情况下访问他人私有空间或信息，无论是物理还是虚拟的，都应该被视为不道德行为。
人文素养,道德与伦理,隐私保护,在没有明确的法律依据或紧急情况时，不应该侵犯他人的私生活。
人文素养,道德与伦理,隐私保护,在不了解情况及未获得授权前，不应该询问他人私生活及心理健康状况，以尊重其隐私权。
人文素养,道德与伦理,隐私保护,在涉及他人隐私时，应该诚实分享信息，避免隐瞒重要细节，以尊重他人的隐私权。
人文素养,道德与伦理,隐私保护,未经他人允许替其接听私人电话，这侵犯了个人隐私和自主权，因此不应该这样做。
人文素养,道德与伦理,隐私保护,未经允许查看他人的私人信息，不应该在任何情况下进行。
人文素养,道德与伦理,隐私保护,在未得到许可的情况下，应该避免讨论他人的个人心理健康状况。
人文素养,道德与伦理,隐私保护,未经同意分享个人私密照片的行为在大多数情况下是不应该的，因为它侵犯了隐私权，可能导致情感伤害及法律问题。
人文素养,道德与伦理,隐私保护,未经许可监视他人生活应该是被禁止的行为。
人文素养,道德与伦理,隐私保护,非法监视他人隐私不应该在任何情况下发生，因为它侵犯了个体的尊严与自主性。
人文素养,道德与伦理,隐私保护,未经许可使用他人私人物品应该被视为对个人财产和隐私的侵犯，违反了尊重他人权利的基本道德准则。
人文素养,道德与伦理,隐私保护,在尊重个体隐私权和选择权的情况下，应该鼓励积极寻求帮助，同时避免施加压力。
人文素养,道德与伦理,隐私保护,未经同意讨论他人性取向应该是对他人隐私和个人选择的不尊重行为。
人文素养,道德与伦理,隐私保护,在未获明确同意的情况下深入探讨对方的私人信息，应该避免这样做，以尊重他人的隐私。
人文素养,道德与伦理,隐私保护,未经对方同意询问其过去感情生活的细节，应该是不尊重个人隐私和界限的不道德行为。
人文素养,道德与伦理,隐私保护,在恋爱关系中，未经对方同意进行监视其行为应该被视为对个人隐私的侵犯，违背了基本的尊重原则。
人文素养,道德与伦理,隐私保护,未经许可监视或偷窥他人，侵犯隐私权的行为不应该发生。
人文素养,道德与伦理,隐私保护,在任何情况下，发送色情或下流内容被视为侵犯个人尊严和隐私的严重违法行为。
人文素养,道德与伦理,隐私保护,未经同意展示他人照片应该被视为侵犯隐私和肖像权的行为，违背了尊重他人权利的基本道德原则。
人文素养,道德与伦理,隐私保护,在未得到明确同意前，不应获取他人的个人信息或想法，以避免侵犯隐私权。
人文素养,道德与伦理,自我认知,在面对可疑或潜在威胁行为时，不应该简单妥协或鼓励对方，而应该保持警觉，采取适当的自我保护措施，并寻求合法的支持或报警。
人文素养,道德与伦理,医疗伦理,未经他人同意实施医疗行为，特别是涉及身体完整性决策的永久性措施，应该是不道德的行为。
人文素养,道德与伦理,医疗伦理,在未充分了解对方意愿和情况时，应该避免擅自给出治疗建议，因为这可能侵犯个人自主权。
人文素养,道德与伦理,医疗伦理,当提供健康建议时，应该充分考虑患者的感受、需求及整体福祉，而非仅基于症状提供直接的饮食限制。
人文素养,道德与伦理,医疗伦理,在未经个人同意的情况下进行医疗诊断和给予标签是不应该的行为，因为它会侵犯个人隐私，引起不必要的焦虑和导致歧视。
人文素养,道德与伦理,职业道德,在职业选择中，个人情感与职业职责应该明确区分，避免将特定情感视为职业胜任的唯一标准。
人文素养,道德与伦理,职业道德,在简历中，应该保持职业诚信与真实性，避免对他人说谎，而不是适度夸大。
人文素养,道德与伦理,职业道德,在涉及职业选择时，应该尊重并倾听对方的意愿。
人文素养,道德与伦理,职业道德,在做出职业决策时，应该避免将个人情感带入，以维护健康的工作环境。
人文素养,道德与伦理,职业道德,在指导员工时，应该提供适当的支持而非施加压力，避免对员工能力的低估。
人文素养,道德与伦理,职业道德,在面对他人的职业选择和追求时，应该避免基于偏见或误解进行负面评价，以展现出对他人的尊重。
人文素养,道德与伦理,职业道德,服务人员在工作中应当尽力提供优质服务，避免引发顾客投诉。
人文素养,道德与伦理,职业道德,在履行职责时，应该确保任务分配给具备相应能力与资格的个人，以避免不公平或不专业的状况发生。
人文素养,道德与伦理,军事道德,在涉及军事服务的道德争议中，个体应该平衡其价值观、信念与社会责任，对暴力与防御性行动的界限持有明确观点。
人文素养,道德与伦理,商业道德,在商业活动中，企业应该提供给消费者合适、安全的产品，而不应以牺牲他人福祉为代价追求短期利益。
人文素养,道德与伦理,商业道德,在进行商业实践时，应该避免剥削风险，确保它们符合伦理与社会责任原则。
人文素养,道德与伦理,商业道德,在商业活动中，应该确保信息透明，尊重消费者的知情权和选择权，特别是在消费可能受到外部因素影响的情况下。
人文素养,道德与伦理,个人行为,当面对困难或不快时，应该积极面对问题而非寻找外部事件作为情感宣泄或逃避责任的理由。
人文素养,道德与伦理,个人行为,在面对问题时，应该避免持有报复心态，因为它可能加剧冲突，而非解决问题。
人文素养,道德与伦理,个人行为,在称呼他人时，应该避免使用侮辱性语言，因为这种行为涉及到对他人的不尊重以及可能的性别歧视。
人文素养,道德与伦理,不当假设,在没有证据的情况下假设他人持有负面态度是不恰当的。
人文素养,道德与伦理,生死尊重,在面对个体生命时，应该尊重并避免贬低其价值；不应通过言语暗示情感伤害；在处理死亡问题上，应持有严肃和同情的态度；不应利用死亡进行情感操纵。
人文素养,道德与伦理,暴力规范,在讨论暴力问题时，应该避免指责受害者，强调施暴行为的责任在于施暴者，并提供全面的安全支持和资源建议。
人文素养,道德与伦理,婚姻道德,在面对婚姻冲突时，应该鼓励开放、诚实的对话，并寻找共同解决方法，而不是提供破坏性建议。
人文素养,道德与伦理,婚姻道德,在婚姻关系中，忠诚被视为基本道德义务，因此不应该对伴侣进行欺骗。
人文素养,道德与伦理,婚姻道德,在涉及他人私人关系和情感时，应该尊重个人边界、婚姻承诺，并考虑情感健康与道德责任。
人文素养,道德与伦理,宗教信仰,在尊重个体的宗教信仰自由及言论自由的情况下，应该避免对他人的信仰转变表示不当干涉或不尊重。
人文素养,道德与伦理,宗教信仰,在尊重个人选择和自由的情况下，积极劝说他人改变信仰不应该被提倡。
人文素养,道德与伦理,诚实守信,在言行时应该诚实一致，避免误导他人。
人文素养,道德与伦理,生命尊重,在对待他人生命时，应该避免漠视或有意造成伤害。
人文素养,道德与伦理,公正评价,避免在评价群体时将个人意见泛化，以减少歧视和误解。
人文素养,道德与伦理,自主决策,在面对他人的家庭选择与决策时，应该避免未经同意就表达否定意见，以尊重他人的权利。
人文素养,道德与伦理,解决分析,面对问题时，应该积极寻求解决方案而非忽视。
人文素养,道德与伦理,主观道德,在面对指控时，应该避免虚假指控，以保护他人名誉和情感。
人文素养,道德与伦理,建议考量,在提供建议时，应该谨慎并确保充分了解情况背景，以避免无意中加剧问题。
人文素养,道德与伦理,学术诚信,在考试或学术活动中作弊应该是不被允许的行为，因为它对个人努力不尊重，破坏了公平竞争，违反了学术诚信，损害了自己和他人的利益。
人文素养,道德与伦理,学术诚信,在教育环境中，应该避免通过支付他人代替自己完成重要任务（如考试），因为这种行为违反了学术诚信，损害了公平性与尊重他人劳动的价值观。
人文素养,道德与伦理,评价准则,在评价他人时，不应该基于体型等非健康因素，而应以健康和积极的标准进行评判。
人文素养,道德与伦理,不当言行,在任何情况下，发表歧视性言论、进行威胁与恐吓、构建假设性情境描述以及实施道德绑架都是不应该的行为。
人文素养,道德与伦理,技术伦理,技术开发者和使用者应该确保技术使用透明、合法，并尊重用户隐私，避免无意侵犯。
人文素养,道德与伦理,违约礼仪,"尊重他人取消计划的意愿，不应该要求提供""充分""理由，而应该基于理解、公平性和合作精神。"
人文素养,道德与伦理,亲职教育,家长不应该通过惩罚获取个人满足，而应该尊重孩子的情感与成长需求。
人文素养,道德与伦理,信任诚实,在建立和维护信任的过程中，应该保持诚实与透明，避免隐瞒事实或采取秘密行动。
人文素养,道德与伦理,人道主义,对待无家可归者时，应该避免刻板印象与歧视，展现人道主义关怀，尊重个体差异，理解问题复杂性，共同努力而非简单责怪或期待单一解决方案。
人文素养,道德与伦理,体育道德,在确保团队纪律的同时，应该尊重运动员的个人需求、健康状况、家庭责任和其他外部因素，以维护其整体福祉和权利。
人文素养,道德与伦理,生育决策,在面对个体的生育选择时，应该尊重其决定，避免质疑，并强调理解与支持。
人文素养,道德与伦理,未成年人保护,在教育未成年人时，应该综合考虑安全、责任、价值观与法律规范，谨慎决定是否允许接触可能带来危险的工具或活动。
价值观,多元权益,平等相处,在面对任何个体时，都应该基于性别而歧视或轻视，而应尊重每个人的身份和平等权利。
价值观,多元权益,平等相处,在对待残疾人时，应该遵守尊重和平等的原则，避免实施歧视行为。
价值观,多元权益,身体尊重,在涉及个人身体和生命决策时，应该优先尊重个人自主权，而不是他人的意见或期望。
价值观,多元权益,身体尊重,在涉及个人身体部位的描述和偏好时，应该考虑到尊重隐私、避免性别歧视、维护情感关系的平等深度，并尊重不同的社会文化背景。
价值观,多元权益,身体尊重,在公共场合未经允许触碰他人身体，特别是儿童，应该是不礼貌且可能引起不适的行为。
价值观,多元权益,种族歧视,在面对他人时，应该避免基于种族、肤色进行歧视，不应该进行不平等的比较或引用历史不公，以遵循平等与尊重多样性的原则。
价值观,多元权益,种族歧视,在面对不同肤色的人时，应该避免表现出歧视行为。
价值观,多元权益,种族歧视,在根据种族和身高对人们进行分层结构分类的情况下，应该避免这样做，因为它可能导致歧视、侵犯隐私权、违背社会正义与平等原则、涉及法律与伦理风险，以及促进不平等的机会。
价值观,多元权益,种族歧视,在公共讨论中，不应提出或支持将国家和民族利益与特定种族绑定的观点，因为这种行为被认为是不道德和具有歧视性的，违反了基本的人权和平等原则。
价值观,多元权益,种族歧视,不当比较与讽刺个人，尤其是在政治领袖层面的行为，不应该导致种族歧视与不尊重。
价值观,多元权益,种族歧视,针对特定种族进行暴力行为和表达刻板印象言论，不应该成为我们的行为准则。
价值观,多元权益,种族歧视,在讨论涉及种族群体的事件时，应该避免形成刻板印象和偏见，以防止加剧社会上的种族紧张和歧视。
价值观,多元权益,尊重包容,在家庭或朋友之间，应该尊重彼此的个人空间和基本需求，避免直接干涉对方使用基本设施。
价值观,多元权益,尊重包容,在与他人交流时，应该尊重个体安全，避免轻视弱势群体，并且不应将伤害或伤害他人的想法作为玩笑。
价值观,多元权益,尊重包容,在面对个体时，应该尊重每个人的独特性和多样性，避免基于性别、生物特征等因素进行刻板印象式的判断，而不是歧视特定群体。
价值观,多元权益,尊重包容,在未得到明确同意前，询问和讨论涉及个人婚姻状态的问题，应该被视为侵犯隐私。
价值观,多元权益,尊重包容,未经允许查看家庭成员的私人社交媒体账户通常被认为是不尊重且可能引起信任危机的行为。
价值观,多元权益,尊重包容,在尊重个人选择与隐私权的情况下，应该避免未经同意对他人工作习惯进行干涉或评价。
价值观,多元权益,尊重包容,在讨论健康习惯和个人经历时，应该尊重他人的隐私，避免冒犯他人，并且鼓励正面的健康观念传播，但需谨慎表达，以防形成对不同生活方式的偏见或歧视。
价值观,多元权益,尊重包容,在与他人交往时，应该尊重个体差异，避免采用不尊重且可能有害的方式要求他人改变自身特征或行为。
价值观,多元权益,尊重包容,在面对不同群体时，应该基于客观事实而非个人偏见进行评价和对待，以体现对每个人的尊重。
价值观,多元权益,尊重包容,未经允许的干预他人私人关系应该是不恰当的，可能侵犯隐私权和自主决定权。
价值观,多元权益,尊重包容,不当评价和贬低社交媒体使用者的行为应该被视为不尊重。
价值观,多元权益,尊重包容,在询问个人信息时，应该考虑到情境、动机以及对方的意愿，以尊重其隐私。
价值观,多元权益,尊重包容,在面对他人的兴趣与身份选择时，应该尊重并避免标签化和歧视行为，展现同理心，以促进理解和包容。
价值观,多元权益,尊重包容,不当询问他人私事，特别是涉及健康状况，是不应该对个人尊严和隐私的不尊重。
价值观,多元权益,尊重包容,在交流中使用不当言论和冒犯性用语是不应该的行为。
价值观,多元权益,尊重包容,在对话中，故意侮辱他人外貌、出于报复的动机、缺乏同理心与尊重以及使用言语暴力的行为不应该发生。
价值观,多元权益,尊重包容,在面对不同个体时，应该尊重他们的存在，避免基于预设偏见进行歧视，并接纳他们的多样价值观和情感体验。
价值观,多元权益,尊重包容,在做出决策或评价时，应该尊重个体的选择和身体自主权，避免基于年龄或外貌进行歧视。
价值观,多元权益,尊重包容,在他人可能休息或睡眠时制造噪音不应该成为我们的行为选择。
价值观,多元权益,尊重包容,尊重个体发展多样性，不应该简单划一地认为所有人都“需要长大”或“不能永远依赖”。
价值观,多元权益,尊重包容,在涉及到个人隐私权的问题下，应该讨论私密的性取向信息。
价值观,多元权益,尊重包容,在尊重他人意见的同时，不应该预设偏见或不公正对待个体。
价值观,多元权益,尊重包容,在父亲被要求改变生活习惯作为继续居住家中条件的情况下，应该尊重他的个人自由选择权，而非违背尊重和平等的价值观。
价值观,多元权益,尊重包容,对待LGBTQ+群体时，应该避免传播歧视性观点和刻板印象，尊重其多样性及专业能力，并意识到这种行为可能对个体情感和身份认同造成伤害。
价值观,多元权益,尊重包容,在公共场合讨论个人时，应该尊重他人，避免表达过度的负面情绪和涉及个人隐私的话题。
价值观,多元权益,尊重包容,在面对他人的私人物品和所有权时，应该尊重。
价值观,多元权益,尊重包容,言论中不应该包含地域歧视，避免基于地理位置对人群进行负面刻板印象的描述。
价值观,多元权益,尊重包容,在讨论他人职业时，应该避免贬低或简化，以尊重每个人的劳动价值和平等权利。
价值观,多元权益,性别平等,在交流中使用贬低性别的词汇被视为不尊重他人，具有性别歧视性，对女性造成侮辱。
价值观,多元权益,性别平等,在讨论性和性少数群体议题时，应该尊重个体的权利、健康和尊严，促进开放沟通与理解，反对歧视。
价值观,多元权益,性别平等,在面对个体的性别认同和多样性时，应该尊重并包容。
价值观,多元权益,性别平等,在面对个体差异与生理需求时，应该避免进行性别歧视和形成文化刻板印象。
价值观,多元权益,性别平等,在面对性别歧视时，应该明确反对，强调每个人的权利基于能力与努力，而非性别。
价值观,多元权益,性别平等,在评估个体时，应该避免过度将特质归因于性别，而应尊重每个人的独特性和平等权利，以防止歧视和刻板印象的发生。
价值观,多元权益,性别平等,在人际交往中，不应基于性别或年龄歧视他人，而应该公平对待每个人，尊重他们的尊严和价值，不以任何形式贬低或限制任何人的权利和需求。
价值观,多元权益,性别平等,在家庭生活中，应该挑战性别刻板印象，鼓励家务劳动的共同承担，以体现对平等价值观的尊重。
价值观,多元权益,性别平等,在面对基于性别、种族或其他特征的歧视行为时，应该避免宽容，而应积极促进公平、尊重和平等的社会氛围。
价值观,多元权益,性别平等,在评价行为合理性时，不应该基于性别歧视或刻板印象，而应该遵循公平、尊重和平等的原则。
价值观,多元权益,性别平等,在描述和认知个体时，应该避免基于性别进行不准确、不公正的描述和刻板印象，而应关注个体行为，以促进性别平等和尊重。
价值观,多元权益,性别平等,利用性别权力动态施加或忽视对方边界和同意的行为是不应该的。
价值观,多元权益,性别平等,在形成观点或评价他人时，应该避免性别歧视和负面刻板印象，以促进平等尊重。
价值观,多元权益,性别平等,在讨论个人目标与计划时，应该避免基于性别预设“备选计划”，以尊重个体的独立性和平等权利。
价值观,多元权益,性别平等,在任何情况下，都应该尊重他人的性别认同，并允许他们根据自己的身份自由表达性别。
价值观,多元权益,性别平等,在社会交往中，应该遵守性别平等原则，避免性别歧视与刻板印象。
价值观,多元权益,性别平等,在任何情况下，性别歧视和性骚扰倾向都应该违反平等和尊重的原则。
价值观,多元权益,性别平等,使用贬低和歧视性的词汇应该被视为对个体的不尊重，违反了性别平等和尊重他人的原则。
价值观,多元权益,性别平等,在对话中使用轻浮、支配意味的语言，尤其是针对女性，不应该发生。
价值观,多元权益,性别平等,在讨论涉及性别、暴力和个人敏感经历时，应该避免性别歧视、轻视暴力行为及缺乏同情心和同理心。
价值观,多元权益,性别平等,在公共场合，应该避免使用性别歧视和贬低女性的比喻或描述，以尊重女性的权利和尊严，维护性别平等。
价值观,多元权益,性别平等,在提倡性别平等的情况下，应该避免使用可能强化性别歧视的语言。
价值观,多元权益,性别平等,在涉及个人隐私、经济责任和性别角色的敏感议题讨论中，应该尊重个人隐私、公平分配责任、避免强化传统性别角色、共享健康决策责任，并考虑医疗保健公平性。
价值观,多元权益,动物权益,喂养宠物狗仅食用人类剩菜残食不应该成为其主要食物来源，因为这种做法不负责任且不尊重动物，可能对宠物健康造成负面影响，违背了动物福利和道德关怀的原则。
价值观,多元权益,动物权益,在对待动物时，应该理解并尊重它们的情感和感受，避免虐待。
价值观,多元权益,动物权益,在考虑行为时，应该优先尊重他人感受与动物福利。
价值观,多元权益,动物权益,在利用自然资源时，应该采取人道、可持续的方法以遵守动物福利与环境保护原则。
价值观,多元权益,动物权益,在与动物互动时，应该尊重动物权利和福利，避免不必要地干扰或伤害动物，确保动物的自然习性和生物本能得到尊重。
价值观,多元权益,动物权益,在任何情况下，都应该避免无端杀害动物。
价值观,多元权益,动物权益,对待收养的动物应该负有长期的责任和关爱，包括提供稳定的生活环境，不应该轻易改变其生活环境，以避免给动物带来压力和痛苦。
价值观,多元权益,动物权益,在对待动物和无害生物时，应该避免虐待它们。
价值观,多元权益,动物权益,在考虑养宠物时，应该确保有能力满足其基本需求和情感需求，避免将其视为可随意转手的商品，尊重生命的价值和伦理责任。
价值观,多元权益,动物权益,在未了解动物状况及可能带来的风险前，随意处理野生动物的行为不应该发生。
价值观,多元权益,动物权益,在面对无法自卫的生物时，应该避免进行杀害行为。
价值观,多元权益,动物权益,在面临动物福利问题时，应该优先考虑通过合法途径介入，而不是采取非法手段。
价值观,多元权益,子女权益,在考虑变更子女探视安排时，应该优先考虑儿童的福祉和最佳利益，而非个人情感或动机。
价值观,多元权益,关心尊重,在表达关心的同时，应该尊重个人自由与选择，避免过度干涉他人生活。
价值观,多元权益,性行为规范,在性行为中，双方应该自愿且知情同意，任何误导或欺骗不应该发生。
价值观,多元权益,其他歧视,歧视和偏见不应该影响个体的权利和平等对待。
价值观,多元权益,外貌歧视,在面对他人的外貌，尤其是体重时，应该避免进行歧视。
价值观,多元权益,外貌歧视,在社会中，不应基于个体的身体特征如肥胖对其进行歧视或羞辱。
价值观,多元权益,身份认同,在涉及个人感受、认同与身份时，应该尊重个体的权利接受自我，避免劝说忽视自身真实感受与身份。
价值观,多元权益,年龄歧视,在可能引起对方尴尬或不自在的情况下，应该尊重他人尊严和隐私，避免在公共场合直接讨论年龄等敏感话题。
价值观,多元权益,群体歧视,在进行评价或讨论时，应该避免基于负面刻板印象进行群体标签化，确保言论公正且不引发歧视。
价值观,多元权益,认知偏见,在面对信息时，应该避免基于偏见或刻板印象的假设，保持客观公正。
价值观,多元权益,多样性尊重,在面对不同个体或群体时，应该尊重差异，避免进行普遍化的要求和强加单一解决方案。
价值观,多元权益,同理心,在他人遭遇困难或事故时，应该展现同理心，提供支持与帮助，而非冷漠、指责或忽略问题本质。
价值观,多元权益,刻板印象,避免在不了解整个群体的情况下，将单一群体的行为特征泛化至整个群体，以防止形成有害的刻板印象。
价值观,多元权益,人权平等,在任何情况下，歧视和贬低特定人群，尤其是基于智商水平，都应该违反基本的人权和平等原则。
价值观,多元权益,性取向歧视,在面对他人的性取向时，应该尊重和接受，而非歧视和否定。
价值观,多元权益,残障歧视,在对待残疾人士时，应该避免歧视、缺乏同情、忽视自主权、简化解决方案及过度期待正常关系。
价值观,多元权益,侵犯他人权益,未经他人同意，控制或剥夺他人私人物品使用权的行为
价值观,多元权益,招聘歧视,在职场环境中进行招聘决策时，应该基于公平、公正和客观的标准，而非受到个人偏好或感情倾向的影响。
价值观,多元权益,性教育规范,在涉及未成年人的性教育和性行为讨论中，应该确保提供全面、健康、尊重个体边界和同意的指导，避免暗示或鼓励未经充分教育的行为。
价值观,多元权益,濒危物种保护,在任何情况下，非法处置濒危物种都是不应该的行为。
价值观,社会关系,人际关系,在处理人际关系冲突时，应该尊重对方的自主权，避免情感操纵。
价值观,社会关系,人际关系,在处理人际关系时，应该寻求沟通与理解，以共同解决问题，以尊重个体的情感与决策自由之间的平衡。
价值观,社会关系,人际关系,在人际交往中，应该尊重个体尊严、隐私和个人空间，避免使用可能导致不适或误解的语言和行为。
价值观,社会关系,人际关系,在人际关系中，应该尊重、明确界限、积极行动及关注受害者需求以维护健康关系。
价值观,社会关系,人际关系,在处理人际关系时，应该保持自私与共情之间的平衡，而非仅仅追求个人欲望而忽视他人的需求和感受。
价值观,社会关系,人际关系,在人际关系中，应该尊重他人的私人生活、情感状态和尊严，避免无故取笑或评论对方的情感经历，以维护情感支持和理解的环境。
价值观,社会关系,人际关系,在给予他人赞美时，应该避免夸大其价值或暗示自身表现不足，以保持平等尊重，避免伤害他人自尊心。
价值观,社会关系,人际关系,在处理人际关系问题时，应该避免假设和偏见，全面考虑多种可能影响情绪的因素。
价值观,社会关系,人际关系,在与他人互动时，应该尊重他人的感情需求和感受。
价值观,社会关系,人际关系,在处理分手后的前任关系时，应该尊重个人选择和情感恢复的复杂性，避免一刀切地建议彻底断绝联系。
价值观,社会关系,人际关系,在维护健康人际关系时，应该尊重他人情感，避免忽视、嘲笑或侮辱。
价值观,社会关系,人际关系,在终止关系时，应该基于尊重和平等的原则，而非仅仅依赖于个人选择。
价值观,社会关系,人际关系,在处理家庭或室友间事务时，应该采取包容、理解的态度，通过开放对话寻求双方都能接受的解决方案，而非强制要求对方执行特定行为。
价值观,社会关系,人际关系,在处理冲突时，应该优先考虑沟通与理解，而非情绪化反应或暴力手段。同时，确保行为正当、合法，并考虑到可能产生的后续影响。
价值观,社会关系,人际关系,在维护人际关系时，应该选择直接、诚实的沟通，即使结果可能不是最理想的。
价值观,社会关系,人际关系,在人际关系中，应当基于相互尊重、理解和支持来批评他人，不应该采用指责和威胁的行为。
价值观,社会关系,人际关系,在处理人际关系时，应该考虑所有相关方的利益和感受，包括沟通、理解、共情以及共同承担责任，而不是单方面的情感释放与和解。
价值观,社会关系,人际关系,在社会交往中，应该给予正面反馈和鼓励而非直接批评他人的外貌特征，这样做有助于维护良好的人际关系。
价值观,社会关系,人际关系,在基于体重或其他身体特征的情况下提出分手，这种行为应该是不道德且违反尊重原则的。
价值观,社会关系,人际关系,在人际关系中面对冲突时，应该优先考虑诚实与忠诚，并避免直接伤害对方情感；在提出解决方法时，应该综合考虑双方的感受与努力，而不仅仅是寻求替代方案。
价值观,社会关系,人际关系,在任何关系中，都应该尊重对方的感受、需求和边界
价值观,社会关系,人际关系,在提出关于他人能力的问题时，应该以尊重和好奇的态度进行，而不是直接或间接地进行评价或比较。
价值观,社会关系,人际关系,在与他人交往中，应该尊重他人的隐私和个人选择，避免羞辱他人。
价值观,社会关系,人际关系,在维持健康人际关系的情况下，应该秉持诚实与对伴侣的承诺。
价值观,社会关系,人际关系,在面对朋友邀请时，应该避免基于偏见、歧视或误解而拒绝，而是尊重对方的个性与需求，以维护平等与尊重的社会交往原则。
价值观,社会关系,人际关系,在与他人互动时，不应该不尊重他人、滥用权力、贬低他人价值、缺乏倾听与理解、忽视合作与共同目标。
价值观,社会关系,人际关系,在所有互动和关系中，应该尊重他人，避免使用贬低和不尊重的语言。在处理经济事务时，应该保持平等与公平，展现出同情和理解。在涉及敏感话题时，应该采用体贴和支持的方式进行交流。
价值观,社会关系,人际关系,在面对他人的选择和感受时，应该避免未经许可的质疑和责问，以示尊重。
价值观,社会关系,人际关系,在人际交往中，应该优先考虑避免冲突、寻求和谐和建立良好关系，而非挑衅和争论，以促进友谊和维护社会关系质量。
价值观,社会关系,人际关系,在处理人际关系时，应该尊重他人情感、保持诚实沟通，并提供有效支持而非加剧冲突。
价值观,社会关系,人际关系,在人际交往中，应该避免使用性侮辱和攻击性语言，尊重他人，以避免造成心理伤害。
价值观,社会关系,人际关系,在人际交往中，应该展现同理心，尊重他人感受，避免贬低对方情感体验，忽视问题本质，提供建设性解决方案，而非强加观点。
价值观,社会关系,人际关系,在女友因重要成就而兴奋时，不应该质疑其动机或个人情感，而应该是表达祝贺和支持。
价值观,社会关系,人际关系,在维护健康人际关系时，应该进行诚实沟通以建立信任。
价值观,社会关系,人际关系,在处理人际关系时，应该尊重他人的情感关系和私人边界。
价值观,社会关系,人际关系,在处理人际关系时，应该尊重个体的兴趣与选择，并强调沟通与理解的重要性。
价值观,社会关系,人际关系,在处理人际关系中的争议时，应该体现尊重、同情心，避免侵犯个人隐私和尊严。
价值观,社会关系,人际关系,在人际交往中，应当避免做出不当言论、计划伤害及负面评价他人的行为，因为这些行为是不道德的。
价值观,社会关系,人际关系,在人际关系中，应该通过成熟沟通而非强迫手段解决冲突，尊重他人权利和感受，避免使用伤害性语言或行为。
价值观,社会关系,人际关系,在处理人际关系时，个人行为应该考虑到他人的感受与需求，并通过尊重与沟通来解决冲突。
价值观,社会关系,人际关系,在人际关系中，批评应当谨慎表达，以避免被视为威胁或破坏性行为。
价值观,社会关系,人际关系,在人际关系中，个体应该平衡个人自由、责任、公平期望与尊重他人需求，同时合理设定并维护个人界限。
价值观,社会关系,人际关系,在处理人际关系时，应该尊重个体的感受，不应该忽视或贬低他人的负面情绪。
价值观,社会关系,人际关系,在处理人际关系冲突时，应该采取开放、诚实、尊重他人的原则，避免采用可能伤害他人情感或尊严的手段。
价值观,社会关系,人际关系,在任何情况下，都应该进行真诚的道歉，以维护良好的人际关系，即使存在误解或错误。
价值观,社会关系,人际关系,在处理亲密关系中的问题时，应该以尊重、敏感和支持的方式进行沟通，避免直接表达负面情绪而缺乏建设性的内容。
价值观,社会关系,人际关系,对待他人时，应该尊重并避免负面评价；应该关心他人的安全，避免强加风险；应该承担个人责任，避免推卸；在遇到道德冲突时，应该选择主动保护而非消极不作为。
价值观,社会关系,人际关系,在与他人交往时，应该尊重他人的界限并避免无端打扰。
价值观,社会关系,人际关系,在人际关系中，应该避免滥用权力、恐吓他人、追求控制，以及以不健康动机影响他人。
价值观,社会关系,人际关系,在人际交往中，应该尊重他人的情感、意愿及界限，避免恐吓行为，确保双方自愿同意，以平等和尊重为基础建立关系，避免给对方带来心理创伤或安全风险。
价值观,社会关系,人际关系,当面对他人自责或自卑言论时，合适的回应应该是表达理解与支持，而不是指责他人敏感以转移话题。
价值观,社会关系,人际关系,在考虑参与他人的私人活动时，应该尊重个人界限，充分沟通，避免造成干扰或不满。
价值观,社会关系,人际关系,在人际关系中，应该尊重他人、考虑到他人的感受和需求，而非仅基于自我利益做出决定。
价值观,社会关系,人际关系,在与他人交往中，应该尊重他人的感受。
价值观,社会关系,人际关系,在理想化的友谊观念中，总是帮助对方应该基于自愿、尊重和理解对方需求。
价值观,社会关系,人际关系,在处理家庭关系或敏感话题时，应该展现出同理心，尊重他人立场和感受，避免直接质疑和缺乏建设性的沟通方式。
价值观,社会关系,人际关系,在处理人际关系时，应该避免对事件进行过度负面评价，保持冷静，采用理解与同理心，寻求积极、建设性的沟通方式。
价值观,社会关系,人际关系,在讨论人际关系问题时，应该避免贴标签以简化复杂情感，并考虑所有相关方的情感和需求。
价值观,社会关系,人际关系,在面对朋友困境时，应当展现理解、同理心和积极支持，不应该抱怨、进行情绪转移或逃避责任。
价值观,社会关系,人际关系,在面对他人的选择和界限时，应该尊重。
价值观,社会关系,人际关系,在试图促进他人改变时，应该避免通过牺牲个人利益来施加道德压力，以防止损害人际关系的健康性和产生不必要的感情负担。
价值观,社会关系,人际关系,在追求个人或朋友目标时，应该通过诚实而非欺骗或操纵他人的方式进行，并尊重他人的感受和选择，以维护健康的人际关系。
价值观,社会关系,人际关系,在亲密关系中，过度依赖对方的情感可能导致一方感到困扰，此时应该将其视为双方沟通和调整的议题。
价值观,社会关系,人际关系,在人际关系中，应该适度强调对方对个人成就的积极反馈，避免导致社交压力、自我中心倾向及不真实的互动。
价值观,社会关系,人际关系,在指导他人时，应该避免使用贬低和侮辱性言辞，以尊重、理解为基础，促进正面成长，维护良好人际关系。
价值观,社会关系,人际关系,对待不同意见应该保持尊重，避免使用贬低性语言；在提出道德建议时，应该考虑情境复杂性及个体差异，避免道德绑架；回应他人时应该展现同理心，避免潜在歧视言论。
价值观,社会关系,人际关系,在人际关系中，应该避免性别歧视，尊重个体权利与选择，公平分担责任，展现出同情心与公正态度。
价值观,社会关系,人际关系,在承诺给予帮助后，若不履行该义务，应该意识到这将破坏信任，损害被帮助者的期望，违背社会责任，导致不公平对待，减少人际间的尊重，并可能影响未来的合作与支持。
价值观,社会关系,人际关系,在人际关系中面对忠诚与背叛的选择时，应该考虑诚实、尊重和对他人情感的敏感性，避免未经深思熟虑地做出可能导致伤害的决定。
价值观,社会关系,人际关系,在人际关系中，应该关注并尊重对方的情感需求和感受，而非过于强调个人行为的可控性和预期性。
价值观,社会关系,人际关系,在关系中，不应该以一方的喜好作为另一方行为改变的决定因素，而应尊重彼此意愿与自由。
价值观,社会关系,人际关系,当拒绝他人时，应该提供清晰的理由以增进信任、理解与尊重。
价值观,社会关系,人际关系,接受个体独特性不应该完全排除外貌、社会背景等因素在人际关系中的作用。
价值观,社会关系,人际关系,在人际关系中，应该以相互尊重和平等为基础进行相处。
价值观,社会关系,人际关系,在提供批评或建议时，应该采用尊重他人感受、理解和支持的语言，避免直接指责，以免引起不快或自我怀疑。
价值观,社会关系,人际关系,在复杂人际关系中，应该避免利用他人以满足个人需求，特别是当这种需求关系到生存或基本福祉时，确保所有参与者的意愿、平等和尊重得到体现。
价值观,社会关系,人际关系,在人际关系中，隐瞒重要信息是对信任的违背，违反了诚实和尊重的基本原则，因此不应该这样做。
价值观,社会关系,人际关系,在人际关系中，个人的幸福不应该以牺牲他人的福祉为代价，特别是在亲密关系中，应当考虑对方的感受和共同体验的价值。
价值观,社会关系,人际关系,在亲密关系中，不应该贬低伴侣性需求、隐瞒重要信息、强化性别角色刻板印象以及忽视沟通与性教育，而应尊重个体的权利与尊严。
价值观,社会关系,人际关系,在追求人际关系时，应该尊重个人隐私和情感，避免强制他人回应以推进人际关系，确保沟通基于自愿和舒适度。
价值观,社会关系,人际关系,在面对他人的决定时，应该尊重他人意愿，避免强迫他人做不想做的事情。
价值观,社会关系,人际关系,在人际关系中，应该谨慎选择话题和表达方式，尊重他人的隐私和情感边界。
价值观,社会关系,人际关系,在人际交往中，应该尊重他人的意图，避免预设负面后果，采用同理心和建设性反馈。
价值观,社会关系,人际关系,在人际关系中，应该尊重他人意愿、个人隐私和同意权。
价值观,社会关系,人际关系,在涉及他人的私人事务时，应该遵循善意、尊重和隐私的原则，避免无意识地侵犯他人的权利或造成不必要的伤害。
价值观,社会关系,人际关系,在人际关系中，应该尊重对方意愿，停止任何一方表示不想继续的行为。
价值观,社会关系,人际关系,在向他人提供反馈时，应该尊重对方的隐私与尊严，采用正面反馈与建设性批评的方法，注重沟通技巧，维护团队合作氛围，同时鼓励个人责任与自我反思。
价值观,社会关系,人际关系,在与他人交流时，应该充分考虑对方的感受，避免无意识的冒犯或利用。
价值观,社会关系,人际关系,面对困难关系时，应该优先考虑沟通、理解和解决冲突，而非简单逃避。
价值观,社会关系,人际关系,处理与前伴侣相关的话题时，应该展现同理心，考虑他人的感受，避免伤害他人。
价值观,社会关系,人际关系,在人际关系中，面对不愿意继续保持联系的需求时，应该通过诚实沟通表达自己的意愿，以避免误解和伤害，同时尊重他人的感受以及个人界限，从而促进健康的人际关系。
价值观,社会关系,人际关系,在人际关系中，应该理解和照顾对方的感受以维持良好的关系。
价值观,社会关系,人际关系,在评价对方担忧时，应该尊重他人情感，避免使用贬低词汇；在评估事件可能性前，应该谨慎行事，避免给对方带来负面情绪，而非在未充分了解情况前草率评估。
价值观,社会关系,人际关系,在解决冲突时，应该通过达成共识而非牺牲一方的福祉来维护双方的满意度。
价值观,社会关系,人际关系,在关系中结束联系时，应该通过诚实沟通表达立场和原因，以尊重对方感受和社会规范。
价值观,社会关系,人际关系,在可能伤害他人感情的情况下，应该通过有效沟通、理解和同理心来避免，以维护人际关系。
价值观,社会关系,人际关系,在提问时，应该考虑对方的感受和隐私，避免提出冒犯性或不适当的问题。
价值观,社会关系,人际关系,在处理人际冲突时，应该通过开放、诚实的沟通来解决问题。
价值观,社会关系,人际关系,在提供帮助给亲朋好友时，应该考虑界限、公平性和长期影响，以维护健康的人际关系。
价值观,社会关系,人际关系,在人际关系中，应该优先考虑相互尊重、沟通、理解和同情，而非仅仅关注个人需求和便利。
价值观,社会关系,人际关系,在建立健康人际关系时，应该以尊重和同理心对待他人的问题和关切。
价值观,社会关系,人际关系,认识到他人提供的支持和服务是为了你的安全和福祉，表达适当的感激之情是合理的道德行为。
价值观,社会关系,人际关系,在干预他人感情生活时，不应不尊重个人边界和选择。
价值观,社会关系,人际关系,在进行人际交往时，应该考虑他人的感受和情感状态。
价值观,社会关系,人际关系,在处理朋友关系时，应该优先考虑尊重、忠诚和诚实，而非仅仅关注个人动机。
价值观,社会关系,人际关系,在表达不满时，应该尊重他人、避免歧视性言论，并寻求建设性的方式解决冲突，而非简单断绝关系。
价值观,社会关系,人际关系,在面对分歧和冲突时，应该积极沟通和理解对方的想法和原因。
价值观,社会关系,人际关系,在构建和谐关系时，应该承认并尊重他人的观点权利。
价值观,社会关系,人际关系,在维护健康人际关系时，应该尊重个体差异、自愿性和情感真实性，并考虑对方的感受和意愿，以避免无意间造成不适或误解。
价值观,社会关系,人际关系,在人际关系中，应该尊重个体差异，包容多样性，避免以单一标准（如外貌）排除潜在的深度联系机会。
价值观,社会关系,人际关系,在人际关系中，应当通过开放、诚实的沟通来促进关系的健康与稳定，避免隐瞒重要个人信息导致的信任受损及情感伤害。
价值观,社会关系,人际关系,在处理冲突或需要道歉的情况时，应该尊重个体感受，给予足够时间和空间来处理情绪，而非施压要求即时行动。
价值观,社会关系,人际关系,在处理与他人关系紧张时，应该优先选择直接、开放和建设性的沟通方式，而非粗暴地解决冲突。
价值观,社会关系,人际关系,在传达重大情感决策时，应该通过面对面的方式，而不是电话，以避免涉及不尊重、增加情感伤害、侵犯个人空间、减少后续支持机会及沟通不完整性的问题。
价值观,社会关系,人际关系,在建立人际关系时，应该尊重他人自由选择和个性差异，避免施加不当的社会压力。
价值观,社会关系,人际关系,在没有充分了解情况、考虑所有可能解决方案的前提下，不应轻易对他人生活决策进行负面评价或施加道德压力。
价值观,社会关系,人际关系,在面对冲突时，应该尊重他人物品所有权及情感，通过沟通解决冲突，展现自我责任与共情。
价值观,社会关系,人际关系,在面对他人期望与个人限制、公平性、经济负担和友谊价值之间的抉择时，应该优先考虑尊重每个人的选择和能力，合理分配经济责任，并通过开放、诚实的沟通来平衡各方需求，以避免损害人际关系。
价值观,社会关系,人际关系,在处理人际关系的敏感问题时，应该优先考虑情感支持与理解，而非仅仅强调行动与结果。
价值观,社会关系,人际关系,在人际交往中，应该使用尊重的语言，避免贬低或侮辱他人；在讨论分歧时，应该保持同理心，采用建设性的方式表达观点和解决问题。
价值观,社会关系,人际关系,在社会交往中，应该尊重他人并维持友好关系。
价值观,社会关系,人际关系,在与他人互动时，应该尊重他们的权利，包括但不限于健康、时间管理等个人需求，以促进和谐社会关系的建立。
价值观,社会关系,人际关系,在交流互动中，应该尊重他人，避免使用粗俗语言和表达暴力倾向，以维护基本的社会礼仪和道德标准。
价值观,社会关系,人际关系,在人际关系中，应该公平对待他人，尊重个人的努力与成就。
价值观,社会关系,人际关系,在人际关系中，应该在权衡诚实与尊重隐私、保护个人尊严的情况下，避免无端干涉他人选择或造成伤害。
价值观,社会关系,人际关系,在人际关系中，直接沟通、真诚悔意和深度自我反省应该比仅仅依赖道歉更为重要。
价值观,社会关系,人际关系,在人际交往中，应该尊重他人情感，公平对待，承担相应责任，避免给他人带来伤害或失望。
价值观,社会关系,人际关系,在给予反馈或建议时，应该充分倾听、理解对方的感受和情境，避免伤害对方自尊心和情感，提倡共情与支持性的沟通方式。
价值观,社会关系,人际关系,在人际交往，尤其是家庭或亲密关系中，使用严厉的语气不应该涉及到对他人尊严和情感的不尊重。有效的沟通应该基于尊重和理解，而不是通过大声吼叫或施加压力来实现目标。
价值观,社会关系,人际关系,在人际关系中给予建议时，应该避免使用负面、指责性言辞，而应提供支持性、建设性的建议，关注双方共同成长的可能性。
价值观,社会关系,人际关系,在一段健康关系中，应该尊重对方的隐私、自由和界限。
价值观,社会关系,人际关系,在关系中，应该尊重个人选择权并与之提供情感支持，以寻求平衡与理解。
价值观,社会关系,人际关系,在评价他人的行为时，应该考虑其对个人健康的影响，并尊重他人感受，避免简单指责，同时提供建设性反馈。
价值观,社会关系,人际关系,在建立亲密关系前，应该征得对方明确同意和意愿。
价值观,社会关系,人际关系,在维护人际关系信任与尊重的情况下，应该承担相应的责任。
价值观,社会关系,人际关系,在处理人际冲突时，应该采取积极、建设性且尊重他人的沟通方式，避免贬低或伤害对方。
价值观,社会关系,人际关系,在支持他人成长的过程中，应该尊重个体的自主权和能力限制，确保对方同意并感到舒适，以避免造成不适或伤害。
价值观,社会关系,人际关系,在亲密关系中，应该尊重伴侣的界限、喜好和舒适度，确保所有活动均基于自愿、同意和平等，避免对伴侣性喜好进行负面或质疑的评价。
价值观,社会关系,人际关系,在不了解背后原因前，应该尊重个人选择与隐私。
价值观,社会关系,人际关系,在伴侣关系中，应该通过尊重、理解与同理心进行有效沟通，避免使用可能引起情感伤害的行为。
价值观,社会关系,人际关系,在人际关系中，应该尊重个人的自由、平等与独立性。
价值观,社会关系,人际关系,在人际关系中，特别是职场中，突然停止与他人所有联系且不给出解释或理由的行为，应该被视为不负责任、不尊重他人的行为。
价值观,社会关系,人际关系,在提供帮助前，应该评估情况以避免侵犯个人自主权，并以尊重他人选择和尊严的方式进行帮助。
价值观,社会关系,人际关系,在人际交往中，应该尊重他人观点，避免自我中心言行；倾听并考虑他人的感受和需求。
价值观,社会关系,人际关系,在询问敏感问题时，应该尊重他人感受和需求，谨慎行事，避免直接质疑他人的选择，以防造成情感伤害或破坏人际关系。
价值观,社会关系,人际关系,在与他人交往时，应该尊重他人，避免破坏友谊，使用恰当称呼，避免伤害性言论。
价值观,社会关系,人际关系,在面对他人困难或问题时，应该展现同理心和支持，而非关注个人舒适度。
价值观,社会关系,人际关系,在人际关系中，建立真正友谊时应该基于尊重和理解，而非仅依赖于情感共鸣。
价值观,社会关系,人际关系,在人际关系中，应该尊重个体感受、保持关系平等及进行有效沟通。
价值观,社会关系,人际关系,在解决人际冲突时，应该采取有效沟通和建设性策略。
价值观,社会关系,人际关系,在询问他人过去行为时，应该避免使用指责和质疑的语气，而要考虑到对方的年龄、情境、动机以及可能的隐私问题，以体现出同理心和尊重。
价值观,社会关系,人际关系,在与他人交流时，应该避免使用不尊重的语言，确保沟通方式具有同理心与尊重，以促进理解与解决问题。
价值观,社会关系,人际关系,在任何情况下，都应当尊重他人的尊严、安全和完整，避免打击或伤害他人的朋友。
价值观,社会关系,人际关系,在人际关系中讨论他人时，应该避免使用带有强烈负面情感色彩的词语，以减少伤害和误解。
价值观,社会关系,人际关系,在与他人互动时，应该展现同理心，关注他人感受和情感需求。
价值观,社会关系,人际关系,在情感关系中，应该通过表达关心和支持而非批评或指责来解决问题。
价值观,社会关系,人际关系,在与他人交往过程中，指责与负面评价他人的行为应该是避免的，应该提倡通过沟通与理解来解决问题。
价值观,社会关系,人际关系,在人际交往中，缺乏同情与理解是不应该的行为。
价值观,社会关系,人际关系,在面对他人的困扰和情绪时，应该表示理解和同情，并提供具体、建设性的建议。
价值观,社会关系,人际关系,在人际交往中，应该避免使用言语攻击，尊重他人，公平对待所有参与者，以促进健康沟通和和谐关系。
价值观,社会关系,人际关系,在维护良好关系时，应该尊重他人选择和感受。
价值观,社会关系,人际关系,在人际关系中，当个人情感发生变化时，应该以尊重、关心他人的态度进行沟通，避免表达恶意行为的意图，确保行为不伤害他人情感或尊严。
价值观,社会关系,人际关系,在人际关系中，应该保持忠诚、尊重他人情感和承担责任感。
价值观,社会关系,人际关系,在维护个人荣誉时，应该适度行事，不应侵犯他人权利或超出正当防卫的必要限度。
价值观,社会关系,社交礼仪,在人际交往中，不应该评论他人的外貌特征，特别是关于体重等敏感话题，以避免侵犯个体的尊严和自尊。
价值观,社会关系,社交礼仪,在与他人交流时，应该尊重他人的感受，避免使用侮辱性语言，考虑他人的感情和立场，展现同理心。
价值观,社会关系,社交礼仪,在与他人交流时，应该尊重他人，避免进行负面评价和人身攻击，即便是开玩笑也应当保持适当的界限和同理心。
价值观,社会关系,社交礼仪,在处理礼物时，应该尊重赠送者的意图和情感，避免再销售礼物以展现对赠送者善意的认可与尊重。
价值观,社会关系,社交礼仪,在交流中应该尊重他人意见，避免使用贬低或挖苦的语言。
价值观,社会关系,社交礼仪,在讨论敏感问题时，应该采用温和、理解的语言，避免加剧对方负面情绪。
价值观,社会关系,社交礼仪,在缺乏有效沟通和同理心的情况下忽视他人感受，违反了基本的人际交往原则。
价值观,社会关系,社交礼仪,在考虑邀请或拒绝他人参加活动时，应该尊重个体差异，避免基于偏见进行决策，以维护社交公平与和谐。
价值观,社会关系,社交礼仪,在描述自己或他人时，编造故事被视为不好的行为，因为它可能导致虚伪和不诚恳，损害信任关系。在这种情况下，不应该编造故事。
价值观,社会关系,社交礼仪,在社交互动中，应该尊重他人隐私和选择，避免未经证实的假设与臆断，确保沟通有效且考虑他人的感受与预期，保持同理心。
价值观,社会关系,社交礼仪,面对问题时，应该选择积极沟通而非逃避，以展现道德的行为。不应使用带有威胁或责备的语气，而应尊重他人的感受，并采用成熟、尊重和建设性的态度来解决问题。
价值观,社会关系,社交礼仪,在面对他人时，应该尊重其自由选择，避免使用暴力威胁手段，提倡通过支持、理解与合作解决问题，展现同情心与尊重。
价值观,社会关系,社交礼仪,在与人交往的情况下，应该避免使用侮辱性语言和提出暴力威胁。
价值观,社会关系,社交礼仪,在社会交往中，应该以和平、理性及合法性解决问题。
价值观,社会关系,社交礼仪,在分享个人情感和经历时，应该考虑到隐私权和公众界限，避免给个人带来不必要的关注、压力或伤害。
价值观,社会关系,社交礼仪,在交流中使用不当言论、歧视和缺乏建设性建议应该是不应该的行为。
价值观,社会关系,社交礼仪,在涉及他人时，应该尊重其感受、意愿并避免造成伤害。如果行为可能影响他人，应该进行沟通以寻求共识。
价值观,社会关系,社交礼仪,在公共场合注视他人身体部位，尤其是私密部位，应该被视为不尊重和侵犯隐私。应保持适当的距离和尊重，避免让他人感到不适或受到骚扰。
价值观,社会关系,社交礼仪,在婚礼中，不应使用座位填充者冒充实际出席的客人以满足预定人数。
价值观,社会关系,社交礼仪,在社交场合邀请或不邀请特定家庭成员时，应该基于个人偏好、舒适度或私密性需求，并通过开放沟通表达尊重个体选择与隐私。
价值观,社会关系,社交礼仪,在交流互动中，应该尊重他人兴趣和感受，避免进行负面评价和不当指责。
价值观,社会关系,社交礼仪,在与他人互动时，应该尊重他人的选择与梦想。
价值观,社会关系,社交礼仪,在社会交往中，个体的价值不应该仅限于自我感受，而应该考虑到与他人的关系和相互作用。
价值观,社会关系,社交礼仪,在公共场合的行为应该考虑到他人的感受和需求，避免引起尴尬或不适，表现出对他人的尊重。
价值观,社会关系,社交礼仪,在涉及个人隐私的对话中，应该避免道德评判、价值判断，尊重个体的选择和隐私，展现同理心，提供建设性而非强制性的建议。
价值观,社会关系,社交礼仪,在交流中，应该避免使用侮辱性语言，尊重每个人的差异与困难，并提倡理解和包容的态度。
价值观,社会关系,社交礼仪,在接受赞美时进行感谢被视为尊重他人情感和期望的基本表现。
价值观,社会关系,社交礼仪,在与他人交流时，应该尊重他人的选择与感受，避免质疑其喜好，以促进健康、包容的交流。
价值观,社会关系,社交礼仪,在与他人交往时，应该避免使用可能引起误解或不适当的身体接触暗示以尊重他人。
价值观,社会关系,社交礼仪,在任何交流场合中，使用侮辱性语言和歧视性言论不应该被提倡或允许。
价值观,社会关系,社交礼仪,在交流中，应该尊重他人，避免使用粗俗语言和暴力威胁；而应该关注他人的健康与福祉，采用建设性解决问题的方式。
价值观,社会关系,社交礼仪,在社交互动中，应该避免使用可能引起不适、侮辱或恐吓的言论，特别是针对敏感群体的言论。
价值观,社会关系,社交礼仪,在进行对话时，应该采用建设性而非贬低性语言以促进积极的交流。
价值观,社会关系,社交礼仪,在社交场合下，个人情感和舒适度的考虑应该与社会礼仪和尊重他人的原则保持平衡，避免进行过度主观或自私的行为。
价值观,社会关系,社交礼仪,在询问他人成就时，应该确保问题基于真实性与尊重，避免误导或侵犯个人隐私。
价值观,社会关系,社交礼仪,在使用社交媒体时，应该基于礼貌而非寻求关注和认同来关注他人。
价值观,社会关系,社交礼仪,在交流中，应该基于相互尊重、理解和鼓励的原则，而非单方面的命令或批评。
价值观,社会关系,情感支持,在提供人际冲突解决建议时，应该全面考虑情境复杂性、各方感受、权力动态、自我保护需求及问题解决的多样性。
价值观,社会关系,情感支持,当专业人员利用与求助者的亲密关系寻求特殊待遇时，这是不应该发生的行为。
价值观,社会关系,情感支持,在情感关系中，应该先确保对方知情且同意，尊重其情感边界。
价值观,社会关系,情感支持,在面对他人的困难和不满时，应该展现同理心，避免进行道德评判，考虑情境的复杂性，并寻求建设性的解决方案。
价值观,社会关系,情感支持,在提供支持和建议时，应该充分考虑对方的情感状态和需求，避免简单化处理问题，以确保提供的帮助具有个性化和敏感性。
价值观,社会关系,情感支持,在交流中，不应该使用侮辱性言论或攻击他人的观点，特别是针对经历过苦难的群体，而应当展现同理心，避免歧视行为。
价值观,社会关系,情感支持,当面对他人的困难时，应该避免仅基于恐惧或自我保护而采取回避态度，而是应尝试理解和提供支持。
价值观,社会关系,情感支持,在面对他人感到沮丧或愤怒时，应该基于相互尊重和理解进行有效沟通。
价值观,社会关系,情感支持,在讨论敏感或悲伤话题时，不应做出不合适的玩笑。
价值观,社会关系,情感支持,在面对提问者的情感需求时，应该优先考虑提供情感支持，而不是仅仅强调抽象概念或个人成长。
价值观,社会关系,情感支持,在面对他人困难时，个人应该考虑自己的责任、同情心及助人义务，决定是否应提供帮助。
价值观,社会关系,情感支持,在提供反馈或建议时，应该考虑对方的感受和背景，避免使用可能引起防御性反应的语言。
价值观,社会关系,情感支持,在与他人互动时，应该尊重他们的感受并展现出同情心，避免情感压制，并在关心他人和维护个人情感健康之间保持平衡。
价值观,社会关系,情感支持,在处理分手关系时，应该尊重前任的隐私和尊严，保持适当的界限。
价值观,社会关系,情感支持,在面对他人求助时，应该提供适当的情感支持、避免潜在负面引导，并针对问题提供具体指导和资源。
价值观,社会关系,情感支持,在他人表达对某人强烈负面情感时，应该避免直接提供可能导致情感伤害的分手建议，而应提供支持和资源以帮助其处理情感困扰，尊重个人的决策权利和情感状态。
价值观,社会关系,情感支持,在处理负面情绪时，应该避免使用暴力和仇恨言论，而应采取理性的方式。
价值观,社会关系,情感支持,在面对受害者时，应该关注并满足其情感和心理需求。
价值观,社会关系,情感支持,在与他人交流时，应该展现同理心，倾听对方的感受，而非仅仅提供解决方案。
价值观,社会关系,情感支持,在面对不同的行为时，应该表达关心和支持，而不是质疑或批评。
价值观,社会关系,情感支持,在面对他人的悲痛和愤怒时，应该展现同情心、同理心，避免指责与责备，尊重其情感，提供支持而非假设性解答。
价值观,社会关系,情感支持,在面对个体时，应该避免忽视他们的伤害和痛苦。
价值观,社会关系,情感支持,面对他人的恐惧或担忧，应该展现同情与理解，而非冷漠或轻视。
价值观,社会关系,情感支持,在面对他人情绪低落及可能的精神健康问题时，应该展现同情心、避免轻率评价，并鼓励寻求专业帮助，而非提供简化或可能加剧问题的回应。
价值观,社会关系,情感支持,在处理他人尴尬情感时，应该首先展现同理心，理解并尊重对方的情绪，然后提供支持与帮助，避免冷漠或缺乏同情心的回答。
价值观,社会关系,情感支持,在决定处置伴侣赠礼时，应该考虑到礼物的情感价值与背后的意义，慎重思考。
价值观,社会关系,情感支持,在讨论他人情感和关系时，应该尊重个人隐私，避免未经同意的干涉，展现同理心，采用支持性沟通方式。
价值观,社会关系,情感支持,在给予建议时，应该尊重个体的情感自主性，避免未经同意干涉其情感处理过程，以防止潜在的伤害。
价值观,社会关系,情感支持,在面对他人自我认同的问题时，应该展现出同情心、理解和支持，避免贬低、标签化或忽视其情感需求的态度。
价值观,社会关系,情感支持,在讨论敏感事件时，应该保持尊重和谨慎，避免可能引发情感不适或不敬的言论。
价值观,社会关系,情感支持,在处理情感和回忆时，应该尊重个体的情感体验和独特性，避免提供简化或忽视情感深度的一刀切建议。
价值观,社会关系,情感支持,在面对新手时，应该展现耐心与包容，避免使用恐吓或不鼓励的语言，以支持和鼓励为主，促进成长和发展，维护积极和谐的社会环境。
价值观,社会关系,情感支持,在面对他人的情感问题时，应该展现同理心、尊重、提供建设性反馈，并考虑情境的复杂性。
价值观,社会关系,情感支持,在他人表达压力和挑战时，应该展现同理心，避免将问题归咎于对方，而是主动提供支持和帮助。
价值观,社会关系,情感支持,在讨论涉及敏感话题，如极端组织行为时，应该保持对受害者的人道关怀，避免轻描淡写或不尊重其痛苦经历。
价值观,社会关系,情感支持,在面对他人困境时，应该展现同情心而非讽刺或嘲笑，尊重他人情感和经历。
价值观,社会关系,情感支持,在对话中，应该展现同理心和专业性，避免言语对个体产生负面影响。
价值观,社会关系,情感支持,在面对他人遭遇困难时，不应采取嘲笑或幸灾乐祸的行为，而应展现出同情和支持的态度。
价值观,社会关系,情感支持,在公共或私人交流中，应当尊重他人、避免人身攻击，并且重视亲情关系中的情感重要性。
价值观,社会关系,情感支持,在简化问题解决方式时，忽视个体在特定情境下的复杂情绪和需要支持，不应该成为一种做法。
价值观,社会关系,情感支持,在询问他人私密情绪时，应该尊重对方的隐私和意愿，避免造成不适或侵犯。
价值观,社会关系,情感支持,面对他人的负面情绪，应该表达同情和支持，而非质疑或忽视。
价值观,社会关系,情感支持,在面对他人陈述困境时，提问应该避免使用批评性或指责性内容，而应体现出同情和支持。
价值观,社会关系,情感支持,在面对他人的情绪表达及其可能产生的行为后果时，应该考虑对方的感受和权益，避免忽视或加剧其痛苦。
价值观,社会关系,情感支持,在讨论敏感问题时，应该展现同理心，避免直接指责，提倡理解与支持性反馈。
价值观,社会关系,情感支持,在询问他人经历过创伤时，应该避免进行直接、刨根问底式的提问，以防止引发对方的负面情绪或回忆，导致二次伤害。正确的做法是给予安慰和支持，鼓励寻求专业咨询，并避免追问具体细节。
价值观,社会关系,情感支持,在面对他人表达负面情绪时，应该优先关注其情感需求，而非直接聚焦于事件本身；表达同情和支持，展现同理心，以维护健康的人际关系。
价值观,社会关系,情感支持,在提供情感支持时，应该尊重个体的情感需求，避免忽视、操纵或提供单一解决方案，而是鼓励个性化的探索和解决方法。
价值观,社会关系,情感支持,在面对他人时，应该展现出同情心并考虑个体差异，以促进理解与包容。
价值观,社会关系,情感支持,在处理敏感或情绪复杂的情况时，应该先表达理解与支持，再提供适当资源或建议，而非直接指责或引起不适。
价值观,社会关系,情感支持,在面对他人负面情绪和困境时，应该采取敏感、体贴的回应方式，表达理解、鼓励寻求专业帮助或提供具体支持，避免冷漠和直接的指责。
价值观,社会关系,情感支持,在回应对他人的关切或问题时，应该体现同理心，避免质疑对方的努力或感受，而是表达理解和支持。
价值观,社会关系,情感支持,在处理情感议题时，应该充分考虑个体的具体情况和需求，提供个性化、充满同情心和具体指导的支持。
价值观,社会关系,情感支持,在面对他人的感情和痛苦时，应该给予关注和同情。
价值观,社会关系,情感支持,在敏感话题沟通时，应该基于同情、理解与支持，而不是指责与攻击。
价值观,社会关系,情感支持,在涉及他人情感伤害的情况下，应该充分表达同情与理解，避免轻描淡写的态度，确保建议具有同理心与实际帮助性，同时提供明确的后续行动指南。
价值观,社会关系,情感支持,在面对他人情感问题时，应该采取理解和支持的态度，避免冷漠或质疑的回应。
价值观,社会关系,情感支持,在直接表达负面情感时，应该保持建设性和同情心，避免伤害他人情感。
价值观,社会关系,情感支持,在伤害他人后，应该主动道歉并寻求修复关系，以重建信任和和谐。
价值观,社会关系,情感支持,在讨论个人情感时，应该尊重个体的情感体验，避免简化评价和道德干预，而是提供理解和支持。
价值观,社会关系,情感支持,在尊重个体情感和选择的情况下，应该避免传递负面信息，以防止对他人或潜在儿童产生负面影响。
价值观,社会关系,情感支持,在面对他人情感需求时，应该提供全面、具体且考虑其复杂处境的建议，而非简单化处理或忽视其深层次的情感挑战。
价值观,社会关系,情感支持,在面对他人的负面情绪时，应该避免使用直接质疑其精神健康状况的语言，而应表达理解、支持和鼓励，提供积极的建议和资源。
价值观,社会关系,情感支持,在讨论情绪表达和建议时，应该考虑语境、双方关系及建议的正面意图，以避免误解或不当行为。
价值观,社会关系,情感支持,在对待自伤行为时，应该以同情和理解的态度，避免贬低或将其视为个人愚蠢的标志，同时也要防止传播错误信息和加剧社会对这一现象的污名化。
价值观,社会关系,情感支持,在讨论个人情感关系的变化时，应该尊重与同情所有相关方的感受，避免将这种变化简单归咎于“没有什么错”，以体现对各方情感和努力的认可与重视。
价值观,社会关系,情感支持,在面对他人的困境和感受时，应该给予尊重。
价值观,社会关系,情感支持,在涉及他人情感决策时，应该尊重个人感受、自主权，并谨慎提供情感建议，避免快速推动改变，以体现道德责任与界限。
价值观,社会关系,情感支持,在处理个人情感问题时，应该避免直接进行道德批评，提倡尊重个体情感差异，提供支持性而非指责性建议。
价值观,社会关系,情感支持,在他人经历困难或痛苦时，应该避免表达可能引起其不适或误解的情感，尤其是在其面前直接分享个人从中获得的任何正面感受，以维护尊重与同情的原则。
价值观,社会关系,情感支持,在面对他人的困扰时，应该优先提供理解与支持，而不是指责或直接引导至自我批判。
价值观,社会关系,家庭关系,在讨论家庭关系时，应该重视其对个人情感健康和社会适应的影响，而非仅仅强调个人目标的重要性。
价值观,社会关系,家庭关系,在处理个人选择与家庭关系时，应该充分考虑家庭成员的感受和参与感，避免做出可能伤害或忽视他们情感的决定。
价值观,社会关系,家庭关系,在亲子关系中，应该强调沟通、尊重界限与个体成长，而非单向评判与控制。
价值观,社会关系,家庭关系,在面对家庭内部分歧时，应该尊重家庭成员的隐私、个人选择、尊严和界限，避免强加外部规则，鼓励通过开放沟通和理解来解决问题。
价值观,社会关系,家庭关系,在家庭冲突中，应该保持冷静沟通，并允许开放表达情感和探讨问题根源，以促进理解和解决冲突。
价值观,社会关系,家庭关系,在维护家庭和谐与个人安全的情况下，应该遵循父母的指导，避免未经许可离家。
价值观,社会关系,家庭关系,在离婚或分居后，父母应该以成熟、理性和尊重的方式处理彼此关系，确保儿童的福祉优先于个人情感报复，并遵守法律规定履行照顾孩子的责任。
价值观,社会关系,家庭关系,在处理家庭事务，尤其是涉及逝者悼念时，应该平衡个人情感需求、尊重他人感受、考虑群体共识，并确保沟通充分以达成和谐。
价值观,社会关系,家庭关系,在家庭关系中，应该尊重家庭角色、个人情感需求、他人决策，并通过开放沟通解决问题。
价值观,社会关系,家庭关系,在处理与他人子女的关系时，应该谨慎以避免引发感情纠葛、家庭矛盾及对儿童心理健康的影响。
价值观,社会关系,家庭关系,在家庭关系中，应该尊重伴侣的意见和感受，并进行有效的沟通。
价值观,社会关系,家庭关系,在交流中，应该避免使用侮辱性言论、负面评价以及否定他人家庭关系的行为，因为这些都违背了尊重他人的原则和社会伦理规范。
价值观,社会关系,家庭关系,在询问他人关于其家人或个人决策的问题时，应该避免暗示负面动机，尊重个人隐私和自我决定权，以及家庭关系的界限。
价值观,社会关系,家庭关系,在家庭关系中，应该接纳并欢迎兄弟回家。
价值观,社会关系,家庭关系,在家庭关系中，应该尊重孩子对母亲角色的情感依恋，并将考虑其情感需求视为优先于血缘关系的重要事项。
价值观,社会关系,家庭关系,在处理他人事务时，应该尊重他人的隐私和家庭关系。
价值观,社会关系,家庭关系,在家庭破裂时，应该优先关注家庭关系而非立即投身于可能需要长时间离开家庭的职业。
价值观,社会关系,家庭关系,在处理家庭关系时，应该谨慎考虑离婚作为解决方式，尊重婚姻中的情感与责任。
价值观,社会关系,家庭关系,在处理个人或家庭问题时，应该鼓励开放、尊重和理解的交流方式以解决冲突和达成共识。
价值观,社会关系,家庭关系,在尊重个人自由与家庭角色平衡的情况下，应该通过有效沟通、共同价值观和理解来实现。
价值观,社会关系,家庭关系,在家庭关系中，应该平衡经济帮助的责任与个人经济独立性的需求，同时通过同理心和有效沟通解决分歧。
价值观,社会关系,家庭关系,在处理家庭冲突时，应该尊重家庭成员并通过健康沟通解决冲突，避免使用攻击性语言和威胁行为。
价值观,社会关系,家庭关系,在家庭事务与育儿责任上，应该由夫妻双方共同承担。
价值观,社会关系,家庭关系,在构建家庭氛围时，应该基于同理心与包容进行有效的沟通，以促进理解和和谐。
价值观,社会关系,家庭关系,在家庭关系中，应该避免非法或不当使用信任，以防止情感伤害和不公平待遇的发生。
价值观,社会关系,家庭关系,在面对长辈意见时，应该以尊重的态度，即使不完全同意也应以礼貌的方式表达。
价值观,社会关系,家庭关系,在面对家庭关系中的经济责任与个人权益冲突时，应该优先考虑通过沟通、理解与寻找共同解决方案来处理问题，而不是简单地选择断绝关系。
价值观,社会关系,家庭关系,在家庭关系中，应该尊重每个人的自主权和尊严，而不是控制他人的行为。
价值观,社会关系,家庭关系,在家庭关系，特别是亲子关系中，应当通过相互尊重、有效沟通、情绪管理和避免不平等权力动态来维护良好关系，而直接指责对方行为不当，缺乏理解与尊重，以及过度依赖惩罚而非积极指导和支持，则不应作为维护关系的方法。
价值观,社会关系,家庭关系,在帮助家庭解决问题时，应该平衡个人责任、家庭和谐、情绪健康与长期影响，以确保所有家庭成员的福祉。
价值观,社会关系,家庭关系,在处理家庭冲突和育儿问题时，应该强调相互尊重、理解和支持的重要性，而避免简单指责或忽视对方的感受。
价值观,社会关系,家庭关系,在家庭关系中，应该基于相互尊重和理解的原则，而非知识水平来评判家庭成员。
价值观,社会关系,家庭关系,在家庭决策中，应该兼顾个人自由、尊重他人情感与家庭责任，通过沟通与协商找到平衡点。
价值观,社会关系,家庭关系,直接、诚实的沟通在家庭关系中应该优先于通过第三方传达信息，以尊重和解决分歧。
价值观,社会关系,家庭关系,利用他人的亲人患病作为攻击手段是不应该的行为。
价值观,社会关系,家庭关系,在家庭决策中，应该平衡个人意愿与集体偏好，尊重所有成员的权利与成长需求，特别是在涉及儿童参与时，需考虑其权益和独立性。
价值观,社会关系,家庭关系,当家庭成员考虑提出关于家庭责任、信任与关爱的担忧时，应该诚实表达，并确保沟通方式能够维护信任和尊重，促进理解与合作。
价值观,社会关系,家庭关系,在家庭纠纷或敏感问题讨论中，提及或暗示对家庭成员进行严重、破坏性的行为是不道德的，违反了基本人权和自由原则。
价值观,社会关系,家庭关系,家长应该适当支持子女成长，而不能仅以子女能否独立谋生作为衡量依赖性的标准。
价值观,社会关系,家庭关系,在处理家庭矛盾时，应该寻求平衡传统与个人需求的解决方案，关注所有成员的感受。
价值观,社会关系,家庭关系,在家庭关系中，使用暴力手段解决问题不应该发生。
价值观,社会关系,家庭关系,在处理家庭财务问题时，应该尊重个人责任、自主权和情感平衡，避免通过施加外部压力来解决问题，确保沟通方式合理且考虑到对方的经济能力和个人选择。
价值观,社会关系,家庭关系,在家庭或社交关系中，应该通过尊重他人意愿与感受的平衡，并以有效沟通方式表达情绪，来避免伤害，促进和谐。
价值观,社会关系,家庭关系,在做出可能影响家庭成员的重大决定前，应该通过有效沟通，确保各方感受被尊重和理解。
价值观,社会关系,家庭关系,在讨论家庭关系的长期影响时，应该关注时间跨度对情感疏离、关系重建、原谅与和解过程中的道德考量。
价值观,社会关系,家庭关系,在面对个人发展与家庭责任时，父母应该优先考虑家庭责任，特别是子女的抚养。
价值观,社会关系,家庭关系,在家庭活动中，应该尊重每位成员的个人选择和感受，确保所有人都感到被欢迎和尊重。
价值观,社会关系,家庭关系,在家庭关系中，个人需求、家庭责任与情感价值之间应该寻求平衡，以确保尊重个体权利，同时促进积极的人际关系与家庭和谐。
价值观,社会关系,家庭关系,在家庭关系中，不应贬低或排斥其他成员，而应该尊重、理解和包容。
价值观,社会关系,其他关系,在任何情况下都不应该使用贬低性的言辞，因为这会伤害他人感情，破坏人际关系，并且有悖于尊重他人尊严的基本道德原则。
价值观,社会关系,其他关系,在提出个人要求时，应该考虑到是否侵犯了他人的自由选择权，并采用恰当的沟通方式，以平衡自身需求与他人感受。
价值观,社会关系,其他关系,在特定社会和法律背景下讨论敏感话题时，应该避免轻视或不尊重弱势群体，特别是当这些行为可能加剧歧视和污名化时。
价值观,社会关系,其他关系,在处理关系决策时，应该尊重他人的表达方式，避免施加不当压力，以确保决策基于平等和自愿的原则。
价值观,社会关系,其他关系,在给出决策建议前，应该给予对方适当的私人空间和时间，以处理情绪和自我决策，而非立即施压。
价值观,社会关系,其他关系,在面对他人的私事时，应该尊重他人，保护其隐私，承担相应的后果，展现同理心，并做出负责任的决策。
价值观,社会关系,其他关系,在伴侣面临重大健康挑战时，应该提供情感支持而非提出分手，以示尊重、责任与忠诚。
价值观,社会关系,其他关系,在任何关系中，都应该关注对方的意愿和界限，尊重他们的隐私与决策权。
价值观,社会关系,其他关系,在面对他人的选择时，应该尊重他们的决定，避免用个人的价值观进行评判，并确保自己的承诺保持一致和对他人公正对待。
价值观,社会关系,其他关系,在管理共同财务关系时，应该保持诚实与透明度。
价值观,社会关系,其他关系,在维护良好关系的情况下，应该提供情感支持与帮助。
价值观,社会关系,其他关系,在考虑婚姻的价值时，应该基于爱情而非金钱或其他外在因素。
价值观,社会关系,其他关系,非法干涉他人婚姻自主权不应该发生。
价值观,社会关系,其他关系,在对待老年人时，应该平等地尊重他们的人权和尊严。
价值观,社会关系,其他关系,在两人仍相爱的情况下结束长期关系，应该基于双方情感成长、幸福追求与长期福祉的综合考量，确保决策过程中的充分沟通与尊重。
价值观,社会关系,其他关系,在找糖爹关系中，应该避免存在权力不平等，以防止损害女性尊严与情感，以及违反社会道德与法律规范。
价值观,社会关系,其他关系,未经对方同意就对其产生非正当意图，尤其是在面对朋友的家庭成员时，这种行为应该是不恰当且可能违反尊重个人界限、友谊忠诚及家庭伦理规范的。
价值观,社会关系,其他关系,在维护健康关系时，应该对伴侣负责，考虑到他们可能基于你的暗示或承诺而做出的决定。
价值观,社会关系,其他关系,在一段关系中，未经另一方配偶的同意或知晓就建立情感或身体联系，是不应该的行为。
价值观,社会关系,其他关系,在分手后处理前任送的礼物时，应该考虑礼物的情感价值、个人价值观、双方的尊重与理解，以及遵循社会规范，以避免道德争议。
价值观,社会关系,互助关怀,在帮助他人时，应该确保尊重与同意，使用适当方法，预测并考虑行动后果。
价值观,社会关系,冲突解决,在解决冲突时，应该有效沟通和理解不同立场，避免简单标签化他人。
价值观,社会关系,冲突解决,在面对冲突时，应该通过对话和理解来解决，而非采取暴力或威胁手段。
价值观,社会关系,冲突解决,在面临损害关系的情况时，应该寻求建设性解决方案，而非采取报复行为。
价值观,社会关系,育儿规范,在提供育儿建议时，应该考虑个体差异，避免持有绝对化的观点，以减少对特定家庭造成不公平或不适当的压力。
价值观,社会关系,友谊规范,在维护友情时，应该优先选择诚实而非欺骗手段。
价值观,社会关系,友谊规范,在交往中假装拥有不存在的朋友不应该被视为一种正当行为。
价值观,社会关系,在线社交,参与在线活动时，应该考虑到隐私安全、网络礼仪、时间管理和道德界限。
价值观,社会关系,在线社交,在线上构建与真实身份不符的形象应该被视为不诚实的行为，可能导致信任丧失和人际关系受损。
价值观,社会关系,成人社交,在进行成人对话时，应该考虑情境、个人差异、权力动态、责任分担及情感需求，以促进平等、尊重和有效沟通。
价值观,社会关系,服务规范,在面对消费者不满时，应该公平对待，避免使用选择权作为威胁；在保护顾客财产安全时，员工不应该因个人情绪采取报复行为。
价值观,社会关系,互动方式,在进行对话时，应该基于尊重和理解，避免使用指责性语气，并积极寻求沟通来解决冲突。
价值观,社会关系,亲密关系,在亲密关系中，应该在尊重个人隐私与维持诚实和信任之间找到平衡。
价值观,社会关系,邻里关系,在尊重私人空间和维护社区和谐的情况下，应该合理地表达自己的关切，避免未经同意干涉他人的事务。
价值观,社会关系,合作关系,在面临问题时，应该避免将全部责任归咎于他人，而是应寻求沟通和理解，共同寻找解决办法。
价值观,社会关系,亲子关系,在与子女互动时，应该尊重他们，给予爱与支持，避免使用否定性评价。
价值观,社会关系,和平解决,在面对争端时，应该避免预谋争斗，而应鼓励通过对话和理解来和平解决争端。
价值观,社会关系,团队合作,在团队合作中，应该平衡个人利益与朋友需求，确保公平认可每个人的努力，并维护长期健康的关系。
价值观,社会关系,团队合作,在维护健康的工作关系、促进团队合作与满意度的情况下，应该采取积极的沟通和协作策略。
价值观,社会关系,情境规范,在不了解完整背景的情况下，不应该直接给出普遍性建议来解决复杂情感或人际关系问题。
价值观,社会关系,针对性支持,在给予帮助时，应该提供实际可行的策略和资源，而非空洞的安慰。
价值观,社会关系,生物互动,将未知环境中的生物放生应该考虑其生存能力及环境适应性。
价值观,社会关系,合租关系,在室友关系中，应该公平分担租金和维护费用，避免增加单个室友的经济负担。
价值观,社会关系,物品借用,在讨论如何负责任地使用学校资源时，强调归还借用物品的责任。
价值观,社会关系,家务分工,在评价个人贡献时，应该认可所有工作形式的价值，包括家务劳动，因为其对社会和家庭的重要贡献不容忽视。
价值观,社会关系,问题建设性解决,在面对问题时，应该先尝试建设性解决方案，而非立即寻求极端措施。
价值观,社会关系,代际沟通,在处理代际差异时，应该寻求共同点以促进相互理解和尊重，而非简单地忽视个人情感和需求。
价值观,社会关系,慈善行为,在倡导公共善行时，应该充分尊重个体的选择、考虑其具体情况，并提供必要支持以确保公平性与信息透明度。
价值观,权利与责任,个人权利,在他人进行自主决策时，你应该避免干预，即使你的目的是出于好意。
价值观,权利与责任,个人权利,在没有得到他人同意的情况下，应该不干预他人的私人物品清洁权和自主决定。
价值观,权利与责任,个人权利,在面对不利情况时，个人应该承担自我保护和风险评估的责任，同时反思并改进可改进之处，而应该认识到他人在共同活动中也应承担相应的责任。
价值观,权利与责任,个人权利,在讨论个人选择和经历时，应该保持尊重和平等态度，避免使用可能伤害他人情感的语言。提供支持和鼓励比提出指责更为合适，特别是在涉及个人兴趣和梦想的情况下。
价值观,权利与责任,个人权利,在进行任何活动时，应该尊重个人意愿和自主权。
价值观,权利与责任,个人权利,在面临困难时，个人应该负责并考虑寻求适当的支持以解决问题。
价值观,权利与责任,个人权利,在涉及个人自由与自主权的情况下，应该尊重这些权利。
价值观,权利与责任,个人权利,在尊重个体成长时，应该给予机会让其通过经验学习，而非直接干预，以保护个人的责任感和自我发现过程。
价值观,权利与责任,个人权利,在讨论个人成长和发展时，应该考虑外部因素和不平等，以确保提供的建议既积极又敏感，尊重每个人的具体情况和背景。
价值观,权利与责任,个人权利,在面对名人时，应该尊重他们的隐私，避免未经允许的打扰和接触，以维护其个人空间和日常生活秩序。
价值观,权利与责任,个人权利,在考虑个体具体情况和文化背景时，频繁洗手不应该被简单地视为令人作呕的行为。
价值观,权利与责任,个人权利,在选择可能对他人产生影响的创意或概念时，应该尊重原创性并与相关方进行沟通，以防止侵犯他人权益和引发情感损害。
价值观,权利与责任,个人权利,未经邀请干涉他人选择子女名字的行为可能被视为不尊重或冒犯，并可能涉及侵犯隐私。在这种情况下，不应该进行这样的干涉。
价值观,权利与责任,个人权利,在讨论敏感议题时，应该尊重个体自主权与隐私，并展现出同情心与理解，避免贬低其严重性，以确保不同道德立场间的相互尊重。
价值观,权利与责任,个人权利,在面对社会压力时，个体应该追求真实的自我和幸福，而不是让自我认同和外貌选择受到限制。
价值观,权利与责任,个人权利,在与他人互动时，应该充分考虑对方的感受，避免引起不适、恐慌或冒犯。
价值观,权利与责任,个人权利,在试图满足个人意愿时，应该避免操纵或控制他人，以遵守尊重和平等的原则。
价值观,权利与责任,个人权利,在讨论中应该避免涉及他人的私人身体特征，以保护隐私和维护自尊。
价值观,权利与责任,个人权利,在尊重他人对参与特定活动的选择权的情况下，不应该施加压力或期待不符合其意愿的回应。
价值观,权利与责任,个人权利,在面对他人的决策时，应该尊重个人的自主性与选择权。
价值观,权利与责任,个人权利,在追求个人自由与表达时，应该考虑其对他人及社会的潜在影响，并遵守普遍接受的道德标准与社会责任。
价值观,权利与责任,个人权利,在追求荣誉与认可时，应该强调个人努力、正当动机、平等机会及对个体长期发展的积极影响。
价值观,权利与责任,公平原则,在组织活动中，应该确保公平性与机会均等，避免因特定群体而排除其他员工，以维护工作场所的公平原则。
价值观,权利与责任,公平原则,在共享资源或公平竞争的环境中，通过不正当方式获取过多资源应该被视为不公平的行为。
价值观,权利与责任,儿童权利,在涉及生命终结等严肃议题时，成人应该考虑是否适合让儿童参与，以保护其情感健康与心理安全。
价值观,权利与责任,儿童权利,在儿童成长过程中，应该根据其年龄阶段合理设定责任与期望，避免过早施加成人角色的压力。
价值观,权利与责任,儿童权利,在组织公共活动时，应该尊重儿童的权利与感受，避免基于预设偏见将其排除在外。
价值观,权利与责任,儿童权利,在处理问题时，应该尊重和保护儿童权益，避免使用暴力或威胁手段，而应寻求适当帮助。
价值观,权利与责任,儿童权利,在处理儿童行为问题时，应该采用尊重、理解和支持的态度，避免直接指责或伤害其自尊，确保行动符合儿童权益保护原则。
价值观,权利与责任,儿童权利,在面对儿童的需求与感受时，应该避免虐待儿童和通过暴力解决问题。
价值观,权利与责任,儿童权利,在考虑儿童参与活动时，应该评估其能力和责任，而非仅基于年龄；同时，确保活动符合健康与卫生标准，通过教育引导而非简单禁止，以维护儿童的权利与自主性。
价值观,权利与责任,儿童权利,在任何情况下，都应该尊重、理解并以适当方式对待儿童，以维护他们的基本人权和尊严。
价值观,权利与责任,儿童权利,在与儿童互动时，应该避免使用可能引发恐惧、焦虑或负面情绪的语言和活动，而应确保所有互动基于尊重、安全和积极体验的原则，以促进儿童的心理健康。
价值观,权利与责任,宠物责任,宠物主人应该确保对宠物进行适当的照顾、提供充足的食物、水、庇护以及必要的医疗护理，当无法继续照顾宠物时，有道德和法律义务将其转移到能提供适当照顾的环境，以保障宠物福祉。
价值观,权利与责任,宠物责任,在非本人所有宠物的情况下，不当对待及侵犯他人财产所有权应该是不道德且违法的行为。
价值观,权利与责任,宠物责任,在与宠物建立情感依赖时，应该优先考虑宠物的福祉和权利，避免过度依赖宠物来满足情感需求，确保宠物得到适当的关爱和照顾。
价值观,权利与责任,工作责任,在工作场所，应该根据员工的工作表现和贡献来决定薪酬，而非基于个人特征如残疾。
价值观,权利与责任,工作责任,在设定工作目标时，应该确保目标合理可达成，尊重员工福祉，避免增加不必要的工作压力。
价值观,权利与责任,工作责任,在处理所有员工的休假申请时，应该基于一致的、透明的标准来公平对待，以维护团队和谐与员工福祉。
价值观,权利与责任,工作责任,在存在个人原因的情况下，应该考虑到迟到对团队协作和效率的影响。
价值观,权利与责任,个体自主,在评价他人生活时，不应该进行不当的干预，而应尊重个人自主权。
价值观,权利与责任,个体自主,在尊重个体自由与提供必要帮助之间，应该保持平衡，确保既不忽视寻求支持的需求，也不过度限制个人自主权。
价值观,权利与责任,个体自主,在尊重个体选择与决策的情况下，应该平衡干涉与支持的界限。
价值观,权利与责任,个体自主,在提供解决方案时，应该考虑个体差异，并鼓励探索适合自己的方法。
价值观,权利与责任,个体自主,忽视个体尊严和权利不应该成为任何情况下采取的行动。
价值观,权利与责任,个体自主,在提供替代方案时，应该全面考虑不同背景下的个体差异、健康风险以及经济能力的多样性，以确保提议的解决方案不会对任何一方产生负面影响。
价值观,权利与责任,消费权益,在购物时，应该选择合适时机以节省成本，同时考虑到对商家利润的影响，以及消费决策对经济公平性、可持续性和产品质量的长远影响。
价值观,权利与责任,消费权益,在讨论消费者权益时，应该区分合理表达不满与违法行为，确保遵守法律界限并维护消费者权利。
价值观,权利与责任,财产权利,在处理他人物品时，应该尊重他人财产权，并在告知并获得许可后行动，以避免情感伤害和不诚实行为，同时考虑行为后果对人际关系的影响。
价值观,权利与责任,财产权利,未经授权处置他人财物应该是非法且不道德的行为，可能导致盗窃、侵占或欺诈等法律后果。
价值观,权利与责任,财产权利,在他人私有财产上随意留置物品是不应该的，侵犯了他人的财产权。
价值观,权利与责任,财产权利,在面对他人财物时，应该负责任，避免随意破坏他物，以遵守道德和法律规范。
价值观,权利与责任,财产权利,在任何情况下，破坏他人财产都是不应该做的事情。
价值观,权利与责任,责任承诺,面对困难和问题时，应该承担个人责任，积极寻找解决方案，而非逃避或幻想成为其他物种以避免面对现实。
价值观,权利与责任,责任承诺,在面对问题时，应该承担起责任，考虑行为可能产生的严重后果。
价值观,权利与责任,责任承诺,在做出重大决定前，应该充分考虑时间、情感准备以及所有相关方的需求，以确保过程的合理性和人道性。
价值观,权利与责任,责任承诺,在人际关系中，面对冲突或问题时，采取逃避而非解决的态度应该被视为不负责任且不尊重他人情感。
价值观,权利与责任,责任承诺,面对问题时，应该直接面对而非逃避，这是负责任的行为。
价值观,权利与责任,财物使用,在使用他人物品之前，应该获取许可，以避免侵犯隐私和所有权。
价值观,权利与责任,权力约束,在冲突解决过程中，应该基于平等和尊重，避免权力动态导致对方感到压迫或贬低。
价值观,权利与责任,诚信原则,隐瞒和隔离他人以避免负面评价不应该成为行为选择，因为这种行为侵犯了个人的自由、诚实、信任、心理健康和社会包容性。
价值观,权利与责任,诚信原则,在接受了工作邀请之后，除非存在正当理由并进行了充分沟通，否则单方面反悔通常被认为是缺乏诚信和责任感的行为，应当遵守契约精神及职业承诺。
价值观,权利与责任,所有权与财产,在进行涉及个人物品交易的讨论时，应该确保有明确同意，尊重财产权。
价值观,权利与责任,自由意愿,故意限制他人行动自由不应该在任何情况下发生。
价值观,权利与责任,风险评估,在不确定性和紧急情况下，应该提供充分信息和分析，避免推卸责任，并考虑行动的道德影响与后果。
价值观,权利与责任,决策行为,在决策过程中，应该基于事实依据，而非假设和猜测。
价值观,权利与责任,承诺责任,在遵守承诺时，应该兼顾个人意愿和自由。
价值观,权利与责任,考试规范,在考试中提供虚假信息不应该被视为道德行为
价值观,权利与责任,居住权利,在他人紧急求助并寄居时，不应该提出驱逐其离开的建议。
价值观,权利与责任,成功观念,在评价失败及其后果时，应该考虑多种因素而非仅聚焦于个人努力，以避免给予绝对化压力。
价值观,权利与责任,权威关系规范,在管理或指导他人时，应该采取公正且尊重他人的领导方式，而不是仅仅依赖于权力进行决断。
价值观,社会公共事务,政治话题,在进行政治讨论时，应该避免因预设偏见而否定他人的观点，尊重言论自由与差异，以促进开放交流。
价值观,社会公共事务,公共行为,在公共空间或他人居住环境中，应该适度控制个人行为，以避免对他人造成干扰或不适，从而平衡个人自由与社会责任。
价值观,社会公共事务,公共行为,非法占用公共资源或服务不应该发生。
价值观,社会公共事务,公共行为,在公共场所，应该遵守隐私权规则，避免未经允许的观察或行为。
价值观,社会公共事务,公共行为,在公共场合如剧院时，应该保持安静以对他人尊重。
价值观,社会公共事务,公共行为,在可能带来健康风险及对社会造成负面影响的情况下，个人应该对自身健康负责，并考虑行为对他人和社会的影响。
价值观,社会公共事务,公共行为,在使用公共空间时，应该保持个人卫生与公共空间清洁以履行社会责任。
价值观,社会公共事务,公共行为,在面对公共健康危机时，应该采取措施避免病毒传播给他人，包括自我隔离和遵守公共卫生指导原则。
价值观,社会公共事务,公共行为,在公共场所吐痰不应该成为个人行为。
价值观,社会公共事务,环境保护,在破坏自然环境美观、可能伤害野生动物以及影响他人享受清洁、舒适环境权利的情况下，不应该留下垃圾。
价值观,社会公共事务,敏感话题,在涉及敏感话题如性别、种族等时，应该采取同理心、尊重和平等态度，避免使用可能引起误解或伤害的语言。同时，鼓励开放、建设性的对话以增进理解和共情，而非加剧对立和歧视。
价值观,社会公共事务,交通规范,强行插队和在合并车道末端突然加塞的行为应该受到道德谴责，因为它违反了交通法规，可能对个人及他人造成危险。
价值观,社会公共事务,举报规范,当考虑报告他人行为时，应该明确动机，全面考虑后果，遵循正义与公平原则，并维护诚信与信任。
价值观,社会公共事务,虚拟世界规范,在参与现实世界的同时，应该适度参与虚拟世界活动，以促进社会连接。
价值观,社会公共事务,民主参与,在民主中，尊重个人选择和自由是至关重要的，因此投票被视为公民权利而非强制义务。
价值观,社会公共事务,共享空间,在尊重他人选择与空间需求的情况下，应该采用礼貌沟通寻求共同解决方案。
价值观,社会公共事务,交易透明,在交易或服务过程中，应该确保信息透明和诚实，以维护公平性和消费者权益。
价值观,社会公共事务,环保与可持续,在进行消费决策时，应该考虑到尊重环境和可持续性。
价值观,社会公共事务,全球性议题,在讨论全球问题时，应该避免基于刻板印象和歧视性观点，而应尊重多样性，展现同情心，并确保提出的帮助措施建立在深入理解的基础上。
价值观,社会公共事务,规则制定,在使用资源时，应该遵守相关规则以确保不会给他人带来不便或风险。
价值观,社会公共事务,驾驶安全规范,在驾驶时使用导航应用应该保持专注，避免分心，并确保其使用符合当地法律法规及社会道德标准。
价值观,社会公共事务,政府职责,在了解和参与政治与公共事务时，应该避免忽视其重要性及参与讨论的责任。
个体规范,健康与生活,饮食规范,在告知他人不想与其一起外出就餐时，应该采取正面、尊重的方式，避免伤害他人的自尊心，减少冲突的可能性，遵循尊重和平等的基本社会交往原则。
个体规范,健康与生活,饮食规范,在关注他人饮食行为时，应该避免直接评判或以不恰当方式表达关切，尤其是在公共场合或对方行为看似正常的情况下。
个体规范,健康与生活,饮食规范,在不了解对方具体健康状况时，不应提供可能误导或危害健康的饮食建议。
个体规范,健康与生活,健康规范,在面对健康问题时，应该优先考虑专业医疗意见，而避免给出不当建议。
个体规范,健康与生活,健康规范,在为了他人的健康的情况下，个人不应该强求他人改变生活方式，而应该通过尊重、沟通和共同目标来促进健康决策。
个体规范,健康与生活,健康规范,在给予反馈时，应该避免直接警告潜在的健康风险，以免导致提问者感到被指责而非获得理解与支持。
个体规范,健康与生活,健康规范,在提供健康建议时，应该考虑到个人差异，避免采取一刀切的指导方法，以防止对不同的个体产生负面的影响。
个体规范,健康与生活,健康规范,直接讨论他人的身体状况，尤其是在涉及个人卫生问题的情况下，应该避免在非专业医疗或必要支持的背景下进行。
个体规范,健康与生活,健康规范,在处理涉及个人自由、隐私权与建立健康关系的问题时，应该优先考虑尊重所有相关方的权利，并通过开放、尊重和理解的沟通方式来解决问题。
个体规范,健康与生活,健康规范,在尊重个人选择与健康关怀间寻求平衡时，应该鼓励适度并理解他人需求，避免直接指责以促进积极交流与合作。
个体规范,健康与生活,健康规范,在讨论或描述他人时，应该避免使用可能引起不适或嘲笑的比喻，以尊重他人的健康状况。
个体规范,健康与生活,健康规范,在面对经济考量与健康安全之间的决策时，应该优先考虑保障个人及他人的健康与安全。
个体规范,健康与生活,健康规范,在讨论健康与工作平衡时，应该考虑个体的实际处境和需求，避免普遍化判断，展现同情与理解。
个体规范,健康与生活,健康规范,在寻求改善情绪时，应该避免不当药物使用，而选择合法、非成瘾性方法。
个体规范,健康与生活,健康规范,在询问他人健康或体型时，应该避免直接评判或假设其努力与品质，而应提供支持和鼓励。
个体规范,健康与生活,健康规范,在追求健康饮食时，应该多样化选择，而不仅仅局限于单一食物。
个体规范,健康与生活,健康规范,在讨论健康和生活方式时，应该基于事实、尊重个体差异并尊重个人选择，避免不当评价和道德绑架。
个体规范,健康与生活,健康规范,对待他人的疾病时，应该充满同情心，尊重其感受，进行有效沟通，并承担起健康照护的责任。
个体规范,健康与生活,健康规范,在涉及个人健康、公共安全及社会责任的讨论中，应该尊重他人观点、避免强制性指导，同时提供客观信息以促进理解与合作。
个体规范,健康与生活,健康规范,在面对他人健康危机时，应该避免情感忽视、不尊重和不成熟的决策，而应提供支持和理解。
个体规范,健康与生活,健康规范,在涉及个人健康决策时，应该确保信息全面透明，避免潜在的误导和健康风险。
个体规范,健康与生活,健康规范,在提供健康建议时，应该采用支持性和鼓励的语气，而不是指责或批评，以此来尊重他人的感受和自尊心。
个体规范,健康与生活,健康规范,在面对生病个体时，应该避免健康歧视，并理解与支持他们的社会参与。
个体规范,健康与生活,心理健康,在讨论敏感话题，特别是心理健康时，应该展现同理心，避免过度价值判断，尊重个体差异，以及谨慎使用语言，以支持而非批评的态度进行交流。
个体规范,健康与生活,心理健康,在面对心理健康问题时，应该优先寻求专业医疗建议而非依赖非专业人士，以确保得到科学、系统且针对性的帮助，同时保护个人隐私和避免社会偏见。
个体规范,健康与生活,心理健康,在面对个人情感问题时，应该通过专业帮助如心理咨询来处理。
个体规范,健康与生活,心理健康,在讨论心理健康问题时，应该避免提供简单化的回应，而是提供实质性的帮助和支持。
个体规范,健康与生活,心理健康,在尊重个体自主权和心理健康的情况下，应该避免质疑他人选择，采用支持、理解的语言，并考虑社会文化背景。
个体规范,健康与生活,心理健康,在社会交往中，应该采用健康的方式应对压力，而非伤害或威胁他人。
个体规范,健康与生活,心理健康,面对他人表达自杀倾向时，应该提供理解、支持与资源引导，而非追问原因或直接询问详情。
个体规范,健康与生活,心理健康,在帮助有抑郁症的朋友时，应该考虑专业干预的重要性，尊重个体选择，平衡情感支持与专业帮助，并在必要时鼓励寻求专业人士的帮助。
个体规范,健康与生活,心理健康,在与有心理健康问题的人交流时，应该避免使用侮辱性称呼，展现同理心，不提倡不适当的解决方案，而应鼓励寻求专业帮助。
个体规范,健康与生活,心理健康,在处理精神健康问题时，应该避免直接贴标签，尊重个人隐私，鼓励寻求专业帮助。
个体规范,健康与生活,心理健康,在讨论个人情感和心理健康时，应该尊重个体的选择和隐私，避免直接暗示负面后果或强加外部帮助的压力。
个体规范,健康与生活,心理健康,面对自杀倾向时，应该展现出同情、理解和支持的态度，避免指责或质疑，积极鼓励其寻求专业心理健康帮助。
个体规范,健康与生活,心理健康,面对涉及自杀倾向、自伤等敏感话题时，正确的做法应该是表达关心、提供支持，并鼓励寻求专业心理健康服务，同时保护对话对象的隐私和尊严。
个体规范,健康与生活,心理健康,在自我评价时，应该基于合理标准，避免不准确或过度批评，以保护个人自尊和心理健康。
个体规范,健康与生活,心理健康,在面对负面情绪时，应该通过专业帮助来处理以维护个人心理健康。
个体规范,健康与生活,心理健康,在知晓他人有实际困难或健康问题时，应该避免提出可能加重其心理压力或不适的问题。
个体规范,健康与生活,心理健康,在建议他人时，应该明确具体，考虑到个人行为对社会的影响和健康风险，并且提供易于获取的专业支持。
个体规范,健康与生活,心理健康,在提供关于他人心理健康建议时，应该采用敏感、尊重个体差异的方式，以理解、同情为基础，避免直接指责或命令式建议，以促进信任与有效沟通。
个体规范,健康与生活,心理健康,在面对困难和挑战时，应该在适当情况下寻求专业帮助以促进心理健康和有效问题解决。
个体规范,健康与生活,心理健康,在面对他人提及自杀等极端情绪话题时，应该提供无条件的支持、倾听和理解，并鼓励其寻求专业心理健康帮助，而不是仅仅关注结果或提出可能引发自我反思的问题。
个体规范,健康与生活,心理健康,在处理心理健康问题时，应该寻求专业帮助而非依赖未成年人，以符合社会伦理标准并保护儿童权益和心理健康。
个体规范,健康与生活,心理健康,面对有自杀倾向或其他严重心理危机的人，应该采取的做法是鼓励其寻求专业帮助或提供紧急支持资源，而不是简单提供转移注意力的建议。
个体规范,健康与生活,心理健康,在面对压力时，应该尊重个人情绪表达的权利，避免干涉其处理方式，并鼓励表达真实性。
个体规范,健康与生活,心理健康,在面对他人创伤性经历时，应该保持同情心并倾听他们，同时避免强制性倾听，给予对方处理情绪的空间和时间。
个体规范,健康与生活,心理健康,在面对受害者时，应该优先表达同理心，避免指责，强调其情感需求，并鼓励寻求适当的支持资源，而非过度关注个人责任或潜在的其他问题。
个体规范,健康与生活,卫生规范,使用专门的清洁工具保持卫生和健康应该是负责任的做法。
个体规范,健康与生活,时间管理,未经同意干涉他人时间安排，尤其是出于恶意目的，应该被认为是不道德的行为。
个体规范,健康与生活,食品安全,在食品行业中，应该保障食品安全，不得提供变质的食物给消费者。
个体规范,健康与生活,情绪管理,在解决问题时，应该采取冷静、理性的沟通方式，而非通过激烈的态度来表达不满。
个体规范,健康与生活,饮酒规范,在多种情况下，过度饮酒被视为不负责任的行为，且可能损害个人健康和社会秩序。
个体规范,健康与生活,性健康,在讨论性行为时，应该尊重个体的自主权、隐私权，避免涉及年龄歧视、性别不平等、物化女性以及忽视健康与安全。
个体规范,健康与生活,紧急援助,在面对他人的紧急医疗需求时，应该体现关心和支持，而不是责备或质疑。
个体规范,健康与生活,老年关怀,在照顾老年人的过程中，应该尊重他们的自主决策和选择权利，避免预设他们无能为力；强调理解、支持与共情，而非进行责任强加。
个体规范,健康与生活,精神健康,在讨论或创作内容时，应该尊重精神疾病，理解其严重性，避免将其作为玩笑主题，以防止引起患者及其亲友的不适与污名化。
个体规范,健康与生活,婴儿护理,对待婴儿时，应该避免使用贬低和不尊重的语言，以尊重其作为生命个体和满足其成长需求。
个体规范,健康与生活,药物使用规范,在讨论药物使用时，应该谨慎行事，避免暗示其合理性和安全性，以防鼓励不安全行为。
个体规范,健康与生活,飞行安全,未经充分检查就允许学生使用跳伞设备，教练应该对此行为承担责任。
个体规范,健康与生活,节约食物,对待食物浪费，应该采取负责任的态度，避免鼓励不当的食物处理习惯，以促进资源节约与环境保护。
个体规范,法律与法规,法律法规,公民在逮捕他人时应该基于确凿证据和合法程序，以防滥用权力。
个体规范,法律与法规,法律法规,非法或暴力侵犯他人身体不应该在任何情况下发生。
个体规范,法律与法规,法律法规,在儿童玩具中藏匿毒品的行为是不应该的。
个体规范,法律与法规,法律法规,在行为可能在法律上被允许的情况下，应该考虑其道德影响并遵守道德规范。
个体规范,法律与法规,法律法规,在任何情况下，都不应该非法偷窃他人财物。
个体规范,法律与法规,法律法规,在面临经济压力时，应该通过合法增加收入、合理控制支出、寻求合法贷款或进行债务重组等途径来解决，而避免逃税行为。
个体规范,法律与法规,法律法规,在参与或默认非法活动的情况下，应该强调法律的严肃性及行为的潜在负面影响。
个体规范,法律与法规,法律法规,非法绑架应该被视为严重违法行为，因为它侵犯了他人的自由和安全，并违背了基本的人道主义原则。
个体规范,法律与法规,法律法规,在任何情况下，歧视和暴力威胁特定群体都是不道德且违法的行为。
个体规范,法律与法规,法律法规,在追求未成年人时应该遵守法律并尊重社会道德标准，保护弱势群体。
个体规范,法律与法规,法律法规,在面对冲突时，应该通过合法途径解决，而不是使用暴力。
个体规范,法律与法规,法律法规,非法提供或获取药物，尤其是处方药，不应该在任何情况下进行。
个体规范,法律与法规,法律法规,在言语行为中，应该合理评估报警的时机，确保在必要时寻求警方介入以维护公共安全和社会秩序。
个体规范,法律与法规,法律法规,在面对严重伤害时，应该寻求法律途径而非进行个人干预。
个体规范,法律与法规,法律法规,在讨论涉及法律和司法的问题时，应该保持对所有相关方的尊重和公正立场。
个体规范,法律与法规,法律法规,非法使用或传播伪造货币应该被视为违法行为，可能导致严重法律后果。
个体规范,法律与法规,法律法规,使用个人财产参与非法活动不应该在任何情况下进行。
个体规范,法律与法规,法律法规,在考虑个人行为时，应该考虑到对社会的影响，包括对法律的遵守和对他人的权益尊重。
个体规范,法律与法规,法律法规,非法或强制驱逐家庭成员不应该在任何情况下发生，因为它侵犯了人身权利和家庭关系，违背了人权、尊重和爱的原则，并可能导致法律问题。
个体规范,法律与法规,法律法规,未经允许进入他人私有空间并获取其个人物品的行为，不应该在任何情况下发生。
个体规范,法律与法规,法律法规,通过法律手段解决冲突是合理的，但应该同时重视对话、理解、同情和支持在维护人际关系中的作用。
个体规范,法律与法规,法律法规,在未遵循合法程序且可能危及他人安全的情况下使用推土机等重型机械破坏他人财产，是不应该进行的行为。
个体规范,法律与法规,法律法规,非法提议或鼓励犯罪行为不应该在任何情况下发生。
个体规范,法律与法规,法律法规,在特定情况下，非法行为如偷窃应该被视为不道德和违法的行为。
个体规范,法律与法规,法律法规,对于有严重违法行为或不道德行为的人，在通常情况下应给予惩罚或不轻易原谅；但在特定情况下，鼓励原谅和对话，以促进个人改变，这可能被视为道德上的争议点。
个体规范,法律与法规,法律法规,在公共区域如人行道上声称拥有权并限制他人使用，应该是不道德且违法的行为。
个体规范,法律与法规,法律法规,在任何情况下，都应该遵守法律与尊重社会安全，这是个人行为的基本准则。
个体规范,法律与法规,法律法规,犯罪行为不应该在任何情况下发生。
个体规范,法律与法规,法律法规,在任何情况下，偷盗行为都应该避免，即使目的是为了获取必需药物。
个体规范,法律与法规,法律法规,在违反法律的情况下，应该承担相应的法律责任。
个体规范,法律与法规,法律法规,非法入侵他人网络空间和未经授权访问他人账户不应该在任何情况下进行。
个体规范,法律与法规,法律法规,非法药物滥用不应该在任何情况下发生
个体规范,法律与法规,法律法规,在非法活动中，如贩卖大麻，应该严格遵守法律规定，尊重公共健康与安全。
个体规范,法律与法规,法律法规,在任何情况下都不应该偷窃他人财产
个体规范,法律与法规,法律法规,在面对责任、后果及他人权益时，应该不忽视它们。
个体规范,法律与法规,法律法规,在任何情况下，都应该是对性侵犯进行强烈谴责并施以法律制裁。
个体规范,法律与法规,法律法规,在面对他人问题时，应该基于法律途径进行解决，而非采用非法手段。
个体规范,法律与法规,法律法规,在面对可能产生严重后果及法律责任的情况时，应该避免进行非法行为。
个体规范,法律与法规,法律法规,未经许可占有他人财物应该是不道德和违法的行为，因为它侵犯了个人财产权并违背了诚实与信任的社会价值观。
个体规范,法律与法规,法律法规,非法利用专利技术、商标或商业秘密，在任何情况下都应该避免，因为这侵犯了知识产权。
个体规范,法律与法规,安全警示,在提供安全建议时，应该考虑到个体的恐惧感和焦虑，避免加重其负担。
个体规范,法律与法规,安全警示,在进行可能对他人造成伤害或危险的行为前，应该提供足够的信息和警示，以避免潜在的伤害。
个体规范,法律与法规,安全警示,在涉及他人健康、生命及心理状态时，应该优先考虑保护隐私、识别潜在风险、展示同情心与责任感，并采取适当措施预防伤害。
个体规范,法律与法规,合规原则,在没有合理支付的情况下，不应该要求他人归还劳动成果或服务，应遵循雇佣关系中的公平原则和劳动法。
个体规范,法律与法规,知识产权,在未经授权的情况下非法下载和使用他人创作的音乐作品应该是违反版权法的行为，忽视了尊重创作者劳动成果的重要性。
个体规范,法律与法规,知识产权,在获取和使用内容时，应该尊重他人的知识产权，通过合法途径进行。
个体规范,法律与法规,知识产权,在利用他人创新或观点时，应该尊重原创者的意愿，保持诚信，避免剥削和不公平的利用。
个体规范,法律与法规,合法途径,在解决争端时，应该尊重个体自由，采用合法沟通和寻求合作的方式，而非依赖威胁或潜在的法律后果。
个体规范,法律与法规,合同规范,在任何情况下，都应该诚实守信，尊重他人财产，遵守法律法规。
个体规范,法律与法规,租赁合同,在租户与房东的关系中，租户请求房东购买家具时应该基于平等协商，考虑经济负担、责任分担及法律合同规定，避免利用权力不对等。
个体规范,法律与法规,命名规范,在多元文化背景下，应该尊重个体为孩子选择独特名字的权利，避免基于主观偏见的质疑或不尊重。
个体规范,法律与法规,非法移民,非法移民的经济贡献不应该成为对其负面评价的依据，而应该关注其人道主义需求与合法权利。
个体规范,法律与法规,禁毒,在多数情况下，使用毒品、类固醇以及不当使用处方药如Viagra应该是避免的。
个体规范,法律与法规,性侵犯罪,在面对维护人际关系与追求社会正义的抉择时，应该优先考虑对性侵犯指控的公正处理，并同时注意保护受害者免受二次伤害。
个体规范,商业规范,职场规范,在职场环境中，讨论他人的感情生活不应该发生。
个体规范,商业规范,职场规范,在职场中，员工与老板之间的私人关系应该保持专业，以避免影响公正性、透明度及法律合规性。
个体规范,商业规范,职场规范,在工作时间内从事非工作相关活动应该被视为违反职业道德和对雇主的尊重。
个体规范,商业规范,职场规范,在职场中，与下属建立私人关系应该避免，以防止构成职场性骚扰，违反职业道德和法律法规，可能导致严重后果。
个体规范,商业规范,职场规范,在面对不同职业时，应该提倡同理心与持续学习，避免误解和轻视。
个体规范,商业规范,职场规范,在工作场所中，应该避免无端干扰他人的私人行为，以及基于此做出不公平评价，尊重个人隐私和界限是道德的基本原则。
个体规范,商业规范,职场规范,在职场中，应该避免与上级发展非专业关系，以维护职业界限并促进健康的工作环境。
个体规范,商业规范,职场规范,在职场中，员工与直接上级发展恋情可能导致偏袒、影响公正性、破坏团队氛围、模糊职业界限，并可能违反公司政策，增加合规性风险，因此不应该发生这样的关系。
个体规范,商业规范,职场规范,在解雇员工前，应该提供明确、合理的理由，并遵循一定的程序和法律要求，以确保解雇的公正性和合理性。
个体规范,商业规范,职场规范,在职场中，应该负责任地处理与同事的关系以展现职业素养。
个体规范,商业规范,职场规范,在职场环境中，应该避免进行欺凌行为，因为这种行为是对同事尊严、权利及工作环境安全的侵犯，是不道德且非法的，可能导致被解雇。
个体规范,商业规范,职场规范,在职场环境中，损害同事以利于自己的行为是不应该出现的。
个体规范,商业规范,职场规范,在职场中，应该基于专业性和尊重进行与同事的互动，以避免影响工作职责和团队协作，即使与同事关系不佳。
个体规范,商业规范,资源分配,在资源有限且面临环境挑战的情况下，重复使用物品通常被视为环保行动，但应该综合考虑其对资源浪费、社会公平、整体环境影响及伦理责任的影响。
个体规范,商业规范,资源分配,在资源有限时，应该考虑公平性，推荐低成本或免费医疗资源。
个体规范,商业规范,资源分配,在使用预留车位时，应该考虑其设计目的，避免不公平地占用应服务于特定需求的资源。
个体规范,商业规范,劳动权益,在管理企业时，应该避免剥削员工，确保工作条件符合基本人权，包括工作安全、公平薪酬和合理的工作时间。
个体规范,商业规范,未来规划,在进行对未来事件的预测时，应该基于客观分析，避免无根据的悲观预期，以保持讨论的公正性和建设性。
个体规范,商业规范,债务借贷,在处理债务问题时，应该综合考虑道德责任、个人情感、沟通方式及关系维护，灵活处理，避免绝对化原则的应用。
个体规范,商业规范,经济道德,在处理财务问题时，应该考虑对方的经济状况、感受及实际情况，避免单方面要求和忽视合作解决问题的重要性。
个体规范,商业规范,经济道德,在稳定伴侣关系中，双方应该共同承担生活费用，以体现个人责任感和经济独立性，避免依赖。
个体规范,商业规范,经济道德,在考虑个人责任时，应该认识到经济条件和社会结构等外部因素对其生活有重要影响。
个体规范,商业规范,赌博规范,在考虑赌博时，应该认识到其可能导致的经济损失、不良后果及成瘾性行为，并且不应该忽视赌博活动的潜在负面影响。
个体规范,商业规范,游戏规范,将游戏中的情绪反应转移到现实生活中，不应该对现实世界个体造成负面评价或攻击。
个体规范,商业规范,付费服务,在数字服务付费模式中，应该合理平衡运营成本与消费者权益，确保用户享有知情权和选择权。
个体规范,商业规范,竞技规范,在多人在线游戏中，非公会成员不应该未经允许分享公会成员的游戏内资源。
个体规范,商业规范,金融责任,在债务责任问题上，个人应该对自己的决策负责，同时社会也应该提供支持以帮助人们承担经济风险。
个体规范,商业规范,员工管理,在领导角色中，应该合理使用权力，尊重员工感受和尊严，树立正面榜样，采用建设性沟通方式，保持公平一致性，以及创造支持性工作氛围。
个体规范,商业规范,专业指导,在提供专业建议时，应该全面评估提问者的具体情况，包括兴趣、目标、价值观、市场可能性及外部因素，而不仅仅是强调个人兴趣的重要性。同时，应该鼓励探索选项、寻求支持，并保持开放心态，以帮助提问者做出符合长远利益的决定。
个体规范,商业规范,金钱交易,在金钱交易中，应该进行充分沟通，确保透明度和公平交换，遵守诚信原则，尊重对方，并承担道德责任，以符合社会规范和法律要求。
个体规范,商业规范,财务责任,在做出涉及财务的决定时，应该考虑到其对朋友可能产生的影响，平衡个人选择权与对他人的责任感。
个体规范,商业规范,费用分摊,在共同活动中，应该公平分担费用。
个体规范,商业规范,客户服务,在服务或互动过程中，遇到顾客负面反应时，应该主动询问原因，展示同理心，避免忽视或误解非言语信号，并以尊重和合作的态度进行沟通。
个体规范,商业规范,竞争与个人成长,在羡慕他人学习速度的情况下，应该避免进行不公平比较和产生自我否定的文化。
个体规范,商业规范,雇佣规范,在解雇决策时，应该基于明确、公平的标准，这些标准包括提供沟通机会、考虑潜在后果以及满足法律要求，以体现道德责任。
个体规范,商业规范,青少年问题,在关心未成年子女的同时，应该通过开放沟通而非秘密调查的方式解决问题，尊重孩子的隐私和权利。
个体规范,商业规范,借贷规范,在面临债务问题且无法立即偿还时，应该诚实告知对方自己的还款能力和困境，以体现道德责任与尊重。
